Codi,Data(TU),Hora(TU),Lat(°),Lon(°),Prof.(km),Mag,Tipus Mag,Regió,Àrea,Font,Codi
56691,2016-08-15,18:32:20.4,40.41 N,0.26 E,7,0.6,Ml,Castelló,Local,ICGC,56691
56690,2016-08-15,12:49:26.1,41.95 N,3.02 E,10,0.2,Ml,Baix Empordà,Local,ICGC,56690
56689,2016-08-15,04:33:56.5,42.55 N,0.97 E,7,-0.6,Ml,Pallars Sobirà,Local,ICGC,56689
56688,2016-08-14,21:40:12.3,42.58 N,2.19 E,20,-0.2,Ml,Pyrénées-Orientales,Local,ICGC,56688
56677,2016-08-14,01:23:04.7,42.55 N,1.00 E,12,0.8,Ml,Pallars Sobirà,Local,ICGC,56677
56676,2016-08-14,00:48:21.0,42.86 N,0.37 E,25,1.1,Ml,Hautes-Pyrénées,Local,ICGC,56676
56671,2016-08-13,16:08:30.2,41.80 N,2.94 E,10,0.3,Ml,Gironès,Local,ICGC,56671
56684,2016-08-13,07:09:57.6,41.84 N,2.57 E,7,0.4,Ml,Selva,Local,ICGC,56684
56681,2016-08-12,11:56:14.6,42.59 N,1.03 E,7,-0.1,Ml,Pallars Sobirà,Local,ICGC,56681
56646,2016-08-11,01:25:24.1,41.86 N,2.66 E,6,0.3,Ml,Selva,Local,ICGC,56646
56631,2016-08-10,12:02:24.6,42.98 N,0.29 E,12,1.7,Ml,Hautes-Pyrénées,Local,ICGC,56631
56611,2016-08-09,23:48:09.1,42.97 N,0.28 E,11,1.4,Ml,Hautes-Pyrénées,Local,ICGC,56611
56605,2016-08-08,23:43:48.4,42.59 N,1.04 E,10,0.3,Ml,Pallars Sobirà,Local,ICGC,56605
56596,2016-08-08,20:57:20.3,41.88 N,2.54 E,4,1.6,Ml,Selva,Local,ICGC,56596
56604,2016-08-08,20:20:00.9,41.68 N,2.66 E,3,0.4,Ml,Maresme,Local,ICGC,56604
56603,2016-08-08,20:02:07.2,41.69 N,2.65 E,4,-0.1,Ml,Maresme,Local,ICGC,56603
56602,2016-08-08,07:12:36.2,42.48 N,2.13 E,8,0.2,Ml,Pyrénées-Orientales,Local,ICGC,56602
56601,2016-08-08,03:23:05.6,42.79 N,2.54 E,5,0.3,Ml,Pyrénées-Orientales,Local,ICGC,56601
56591,2016-08-07,23:40:16.7,41.93 N,2.76 E,17,0.1,Ml,Gironès,Local,ICGC,56591
56576,2016-08-07,20:21:55.4,42.43 N,2.26 E,10,0.3,Ml,Ripollès,Local,ICGC,56576
56584,2016-08-07,09:17:16.9,42.58 N,0.71 E,4,0.3,Ml,Huesca,Local,ICGC,56584
56583,2016-08-07,08:03:17.1,42.21 N,2.52 E,0,0.4,Ml,Garrotxa,Local,ICGC,56583
56582,2016-08-06,23:45:32.6,43.00 N,0.27 E,16,0.5,Ml,Hautes-Pyrénées,Local,ICGC,56582
56571,2016-08-05,11:01:06.2,42.80 N,1.79 E,0,1.2,Ml,Ariège,Local,ICGC,56571
56572,2016-08-05,11:00:21.4,42.80 N,1.79 E,5,1.0,Ml,Ariège,Local,ICGC,56572
56566,2016-08-05,09:16:17.1,42.70 N,2.09 E,9,0.9,Ml,Ariège,Local,ICGC,56566
56561,2016-08-04,18:58:09.9,42.96 N,0.17 E,8,2.2,Ml,Hautes-Pyrénées,Local,ICGC,56561
56547,2016-08-03,22:55:35.5,42.43 N,1.94 E,8,-0.2,Ml,Pyrénées-Orientales,Local,ICGC,56547
56534,2016-08-03,02:49:14.1,42.45 N,2.20 E,11,0.2,Ml,Pyrénées-Orientales,Local,ICGC,56534
56533,2016-08-02,21:02:58.3,41.48 N,2.85 E,2,0.4,Ml,Costa Maresme,Local,ICGC,56533
56532,2016-08-02,19:03:29.9,42.34 N,0.80 E,7,0.4,Ml,Alta Ribagorça,Local,ICGC,56532
56531,2016-08-02,15:20:58.0,42.92 N,0.68 E,8,0.7,Ml,Haute-Garonne,Local,ICGC,56531
56511,2016-08-02,00:59:30.6,41.78 N,2.89 E,10,1.0,Ml,Gironès,Local,ICGC,56511
56516,2016-08-01,21:32:23.6,41.85 N,1.78 E,11,0.5,Ml,Bages,Local,ICGC,56516
56502,2016-07-31,21:01:06.3,41.50 N,2.14 E,7,0.7,Ml,Vallès Occidental,Local,ICGC,56502
56486,2016-07-31,15:06:57.3,42.32 N,2.17 E,7,0.5,Ml,Ripollès,Local,ICGC,56486
56481,2016-07-31,11:23:35.2,42.23 N,1.38 E,1,1.3,Ml,Alt Urgell,Local,ICGC,56481
56498,2016-07-30,19:39:58.7,41.43 N,1.69 E,5,0.6,Ml,Alt Penedès,Local,ICGC,56498
56497,2016-07-30,19:29:39.2,42.71 N,0.60 E,5,0.7,Ml,Haute-Garonne,Local,ICGC,56497
56492,2016-07-29,20:37:33.6,42.66 N,1.94 E,11,-0.1,Ml,Ariège,Local,ICGC,56492
56456,2016-07-28,21:04:30.5,42.73 N,2.00 E,5,0.3,Ml,Ariège,Local,ICGC,56456
56436,2016-07-28,08:43:10.9,42.22 N,1.38 E,0,1.1,Ml,Alt Urgell,Local,ICGC,56436
56431,2016-07-28,02:14:57.9,42.53 N,0.61 E,19,0.1,Ml,Huesca,Local,ICGC,56431
56426,2016-07-27,19:06:35.6,42.42 N,0.97 E,12,-0.6,Ml,Pallars Jussà,Local,ICGC,56426
56422,2016-07-27,15:37:48.0,42.34 N,1.34 E,3,1.4,Ml,Alt Urgell,Local,ICGC,56422
56416,2016-07-26,22:43:17.5,42.33 N,1.44 E,4,-0.1,Ml,Alt Urgell,Local,ICGC,56416
56406,2016-07-26,00:34:45.4,42.75 N,0.84 E,12,0.1,Ml,Val d'Aran,Local,ICGC,56406
56401,2016-07-25,23:51:30.4,42.54 N,1.52 E,10,-0.6,Ml,Andorra,Local,ICGC,56401
56396,2016-07-25,22:11:54.6,42.46 N,0.96 E,6,0.6,Ml,Pallars Jussà,Local,ICGC,56396
56391,2016-07-25,10:02:20.2,42.21 N,1.37 E,3,2.1,Ml,Alt Urgell,Local,ICGC,56391
56388,2016-07-24,18:01:17.6,41.09 N,1.18 E,1,1.0,Ml,Tarragonès,Local,ICGC,56388
56387,2016-07-24,04:45:45.3,42.47 N,1.07 E,16,-0.6,Ml,Pallars Sobirà,Local,ICGC,56387
56386,2016-07-24,03:02:10.7,41.87 N,2.95 E,15,0.3,Ml,Baix Empordà,Local,ICGC,56386
56382,2016-07-22,21:16:48.8,42.63 N,0.75 E,0,0.5,Ml,Val d'Aran,Local,ICGC,56382
56361,2016-07-21,11:56:56.0,42.86 N,1.53 E,4,0.5,Ml,Ariège,Local,ICGC,56361
56332,2016-07-21,04:02:22.9,42.48 N,1.02 E,5,0.8,Ml,Pallars Sobirà,Local,ICGC,56332
56341,2016-07-21,03:12:25.1,41.63 N,1.98 E,8,0.5,Ml,Vallès Occidental,Local,ICGC,56341
56316,2016-07-20,00:21:35.8,42.68 N,0.65 E,12,-0.1,Ml,Huesca,Local,ICGC,56316
56321,2016-07-19,09:17:47.1,42.97 N,0.85 E,12,0.5,Ml,Haute-Garonne,Local,ICGC,56321
56311,2016-07-19,03:05:53.2,42.67 N,2.01 E,17,0.2,Ml,Ariège,Local,ICGC,56311
56301,2016-07-18,18:47:03.5,42.52 N,0.80 E,16,-0.3,Ml,Alta Ribagorça,Local,ICGC,56301
56296,2016-07-17,09:52:38.8,42.33 N,2.42 E,14,0.1,Ml,Ripollès,Local,ICGC,56296
56291,2016-07-16,20:05:51.3,41.64 N,1.98 E,5,0.4,Ml,Vallès Occidental,Local,ICGC,56291
56244,2016-07-16,19:33:19.7,41.64 N,1.98 E,5,2.0,Ml,Vallès Occidental,Local,ICGC,56244
56242,2016-07-16,19:31:14.4,41.63 N,1.97 E,5,3.0,Ml,Vallès Occidental,Local,ICGC,56242
56286,2016-07-16,18:09:34.4,41.84 N,3.23 E,6,0.7,Ml,Costa Baix Empordà,Local,ICGC,56286
56237,2016-07-16,03:04:32.3,42.55 N,1.26 E,11,0.4,Ml,Pallars Sobirà,Local,ICGC,56237
56285,2016-07-15,21:38:09.6,41.83 N,2.80 E,13,0.2,Ml,Selva,Local,ICGC,56285
56219,2016-07-13,08:19:18.6,42.92 N,0.28 E,7,1.3,Ml,Hautes-Pyrénées,Local,ICGC,56219
56217,2016-07-13,04:40:29.9,42.76 N,2.14 E,5,1.0,Ml,Aude,Local,ICGC,56217
56226,2016-07-12,19:15:52.1,41.82 N,2.90 E,13,0.2,Ml,Gironès,Local,ICGC,56226
56208,2016-07-12,06:44:28.8,42.49 N,1.44 E,9,0.4,Ml,Andorra,Local,ICGC,56208
56213,2016-07-12,01:06:43.1,42.63 N,0.94 E,15,0.1,Ml,Val d'Aran,Local,ICGC,56213
56202,2016-07-11,01:58:47.5,42.92 N,1.97 E,20,0.1,Ml,Ariège,Local,ICGC,56202
56201,2016-07-11,01:49:27.5,42.41 N,1.55 E,9,-0.7,Ml,Alt Urgell,Local,ICGC,56201
56209,2016-07-11,00:42:05.5,42.29 N,0.50 E,9,0.2,Ml,Huesca,Local,ICGC,56209
56200,2016-07-11,00:23:56.3,42.67 N,2.00 E,12,-0.2,Ml,Ariège,Local,ICGC,56200
56187,2016-07-09,08:42:22.5,40.85 N,1.04 E,5,1.4,Ml,Costa Baix Camp,Local,ICGC,56187
56181,2016-07-09,04:07:50.8,42.42 N,2.15 E,5,0.7,Ml,Pyrénées-Orientales,Local,ICGC,56181
56173,2016-07-07,14:19:00.6,42.35 N,1.49 E,3,0.2,Ml,Alt Urgell,Local,ICGC,56173
56172,2016-07-07,13:34:38.6,42.34 N,1.57 E,6,-0.0,Ml,Alt Urgell,Local,ICGC,56172
56163,2016-07-07,10:46:16.4,42.40 N,1.55 E,6,1.1,Ml,Alt Urgell,Local,ICGC,56163
56153,2016-07-06,17:26:13.7,42.96 N,0.14 E,5,1.5,Ml,Hautes-Pyrénées,Local,ICGC,56153
56150,2016-07-06,16:55:32.8,41.81 N,3.03 E,9,1.1,Ml,Baix Empordà,Local,ICGC,56150
56147,2016-07-06,13:51:40.7,42.94 N,2.73 E,8,1.1,Ml,Aude,Local,ICGC,56147
56143,2016-07-06,06:38:36.3,40.94 N,1.31 E,5,1.4,Ml,Costa Tarragonès,Local,ICGC,56143
56131,2016-07-05,13:40:04.6,41.80 N,3.04 E,10,1.2,Ml,Baix Empordà,Local,ICGC,56131
56116,2016-07-04,03:26:52.3,42.64 N,0.92 E,7,0.3,Ml,Val d'Aran,Local,ICGC,56116
56091,2016-07-04,02:22:18.0,41.03 N,1.36 E,1,2.0,Ml,Costa Tarragonès,Local,ICGC,56091
56102,2016-07-03,22:28:57.3,41.47 N,2.60 E,5,0.8,Ml,Costa Maresme,Local,ICGC,56102
56098,2016-07-03,14:17:17.2,42.59 N,0.90 E,4,-0.4,Ml,Alta Ribagorça,Local,ICGC,56098
56096,2016-07-02,22:27:25.3,40.69 N,1.35 E,2,1.1,Ml,Mar Mediterrània - Balears,Local,ICGC,56096
56095,2016-07-02,17:16:17.4,42.62 N,0.95 E,7,-0.3,Ml,Val d'Aran,Local,ICGC,56095
56094,2016-07-02,15:18:48.0,40.94 N,1.80 E,4,0.8,Ml,Mar Mediterrània - Balears,Local,ICGC,56094
56092,2016-06-30,22:32:40.1,40.86 N,1.86 E,3,0.8,Ml,Mar Mediterrània - Balears,Local,ICGC,56092
56082,2016-06-30,10:53:40.7,42.90 N,1.34 E,6,1.1,Ml,Ariège,Local,ICGC,56082
56085,2016-06-30,08:15:26.6,42.63 N,1.12 E,21,0.5,Ml,Pallars Sobirà,Local,ICGC,56085
56084,2016-06-30,04:22:27.8,42.65 N,0.95 E,14,0.2,Ml,Val d'Aran,Local,ICGC,56084
56083,2016-06-30,02:26:27.0,42.65 N,2.20 E,14,0.1,Ml,Pyrénées-Orientales,Local,ICGC,56083
56079,2016-06-29,22:37:43.6,42.66 N,1.37 E,10,-0.5,Ml,Pallars Sobirà,Local,ICGC,56079
56073,2016-06-29,16:19:12.4,42.20 N,2.26 E,12,0.9,Ml,Ripollès,Local,ICGC,56073
56078,2016-06-29,11:40:12.0,42.59 N,1.05 E,4,0.7,Ml,Pallars Sobirà,Local,ICGC,56078
56052,2016-06-29,05:33:30.8,42.59 N,1.07 E,12,0.6,Ml,Pallars Sobirà,Local,ICGC,56052
56077,2016-06-29,02:53:44.7,42.47 N,2.00 E,11,0.2,Ml,Pyrénées-Orientales,Local,ICGC,56077
56051,2016-06-29,01:05:06.4,42.67 N,1.94 E,1,0.5,Ml,Ariège,Local,ICGC,56051
56076,2016-06-28,16:18:11.6,42.39 N,1.01 E,10,-0.8,Ml,Pallars Sobirà,Local,ICGC,56076
56036,2016-06-27,20:25:19.7,42.37 N,1.20 E,3,-0.5,Ml,Pallars Sobirà,Local,ICGC,56036
56031,2016-06-27,08:37:00.7,42.39 N,1.00 E,11,-0.8,Ml,Pallars Jussà,Local,ICGC,56031
56011,2016-06-27,04:32:51.1,42.18 N,2.86 E,10,0.3,Ml,Pla de l'Estany,Local,ICGC,56011
56023,2016-06-26,22:16:04.2,42.87 N,2.08 E,11,0.3,Ml,Aude,Local,ICGC,56023
56021,2016-06-26,13:30:03.8,42.24 N,1.73 E,7,0.4,Ml,Berguedà,Local,ICGC,56021
56020,2016-06-25,17:30:19.9,42.75 N,2.04 E,24,0.2,Ml,Aude,Local,ICGC,56020
56019,2016-06-25,03:35:56.8,42.66 N,2.09 E,12,0.1,Ml,Pyrénées-Orientales,Local,ICGC,56019
56018,2016-06-25,00:12:51.6,42.18 N,1.56 E,1,0.3,Ml,Solsonès,Local,ICGC,56018
56017,2016-06-24,02:14:06.3,42.31 N,1.32 E,9,-0.6,Ml,Alt Urgell,Local,ICGC,56017
56016,2016-06-24,01:48:23.7,41.77 N,2.80 E,8,0.2,Ml,Selva,Local,ICGC,56016
56015,2016-06-23,23:31:25.1,42.61 N,0.97 E,3,-0.5,Ml,Val d'Aran,Local,ICGC,56015
56014,2016-06-23,20:33:16.8,42.59 N,0.93 E,0,-0.7,Ml,Alta Ribagorça,Local,ICGC,56014
56013,2016-06-23,19:53:28.5,42.55 N,0.98 E,8,-0.1,Ml,Pallars Sobirà,Local,ICGC,56013
55991,2016-06-23,00:36:20.0,40.60 N,0.88 E,12,0.9,Ml,Costa Montsià,Local,ICGC,55991
55987,2016-06-22,23:09:13.4,42.60 N,0.87 E,10,-0.0,Ml,Alta Ribagorça,Local,ICGC,55987
55966,2016-06-21,09:03:14.9,42.55 N,0.94 E,0,-0.3,Ml,Alta Ribagorça,Local,ICGC,55966
55938,2016-06-20,01:14:08.1,41.81 N,2.90 E,10,0.7,Ml,Gironès,Local,ICGC,55938
55926,2016-06-20,01:01:40.8,42.11 N,2.74 E,4,0.5,Ml,Pla de l'Estany,Local,ICGC,55926
55931,2016-06-18,20:50:33.8,42.35 N,2.38 E,5,0.3,Ml,Ripollès,Local,ICGC,55931
55927,2016-06-17,23:56:19.5,42.60 N,1.99 E,19,0.2,Ml,Pyrénées-Orientales,Local,ICGC,55927
55911,2016-06-17,05:02:33.4,42.79 N,1.30 E,4,1.2,Ml,Ariège,Local,ICGC,55911
55918,2016-06-17,01:08:41.9,42.17 N,2.86 E,9,0.5,Ml,Pla de l'Estany,Local,ICGC,55918
55917,2016-06-17,00:35:11.5,42.56 N,0.96 E,1,-0.4,Ml,Alta Ribagorça,Local,ICGC,55917
55916,2016-06-17,00:14:21.3,42.38 N,1.52 E,11,-0.1,Ml,Alt Urgell,Local,ICGC,55916
55914,2016-06-16,18:56:05.0,42.18 N,2.87 E,11,0.3,Ml,Pla de l'Estany,Local,ICGC,55914
55901,2016-06-16,08:15:03.1,42.62 N,0.94 E,11,0.8,Ml,Val d'Aran,Local,ICGC,55901
55902,2016-06-15,21:27:02.3,42.18 N,2.85 E,14,-0.3,Ml,Pla de l'Estany,Local,ICGC,55902
55891,2016-06-15,05:49:16.6,42.45 N,2.09 E,9,0.8,Ml,Pyrénées-Orientales,Local,ICGC,55891
55895,2016-06-14,17:43:02.9,42.55 N,1.01 E,1,-0.6,Ml,Pallars Sobirà,Local,ICGC,55895
55882,2016-06-13,13:45:34.9,41.60 N,2.54 E,4,1.9,Ml,Maresme,Local,ICGC,55882
55856,2016-06-12,17:10:37.5,42.57 N,0.85 E,13,0.8,Ml,Alta Ribagorça,Local,ICGC,55856
55875,2016-06-12,00:47:12.9,42.60 N,0.88 E,9,0.2,Ml,Alta Ribagorça,Local,ICGC,55875
55851,2016-06-11,23:03:23.5,40.88 N,1.85 E,6,1.4,Ml,Mar Mediterrània - Balears,Local,ICGC,55851
55872,2016-06-11,19:27:56.5,42.53 N,1.43 E,7,-0.6,Ml,Alt Urgell,Local,ICGC,55872
55846,2016-06-11,12:41:38.8,42.18 N,2.85 E,5,1.8,Ml,Pla de l'Estany,Local,ICGC,55846
55841,2016-06-11,00:52:48.2,42.18 N,2.86 E,9,1.2,Ml,Pla de l'Estany,Local,ICGC,55841
55867,2016-06-11,00:14:25.4,42.18 N,2.86 E,14,0.1,Ml,Pla de l'Estany,Local,ICGC,55867
55975,2016-06-10,14:28:15.5,42.16 N,2.87 E,8,0.1,Ml,Pla de l'Estany,Local,ICGC,55975
55974,2016-06-10,14:09:36.6,42.17 N,2.87 E,3,1.0,Ml,Pla de l'Estany,Local,ICGC,55974
55827,2016-06-10,13:08:42.0,42.18 N,2.86 E,10,0.8,Ml,Pla de l'Estany,Local,ICGC,55827
55864,2016-06-10,11:58:43.6,42.18 N,2.86 E,10,0.3,Ml,Pla de l'Estany,Local,ICGC,55864
55811,2016-06-10,09:46:27.0,42.18 N,2.86 E,5,1.4,Ml,Pla de l'Estany,Local,ICGC,55811
55973,2016-06-10,09:41:25.7,42.16 N,2.76 E,2,-0.0,Ml,Pla de l'Estany,Local,ICGC,55973
55806,2016-06-10,08:45:09.5,42.17 N,2.86 E,10,0.3,Ml,Pla de l'Estany,Local,ICGC,55806
55825,2016-06-10,08:41:14.7,42.18 N,2.86 E,13,-0.2,Ml,Pla de l'Estany,Local,ICGC,55825
55801,2016-06-10,08:14:35.3,42.18 N,2.86 E,9,0.2,Ml,Pla de l'Estany,Local,ICGC,55801
55824,2016-06-10,08:06:55.3,42.17 N,2.87 E,11,0.3,Ml,Pla de l'Estany,Local,ICGC,55824
55823,2016-06-10,07:46:12.5,42.17 N,2.86 E,4,-0.4,Ml,Pla de l'Estany,Local,ICGC,55823
55822,2016-06-10,07:38:15.2,42.18 N,2.86 E,9,1.2,Ml,Pla de l'Estany,Local,ICGC,55822
55821,2016-06-10,07:22:27.5,42.18 N,2.86 E,10,0.2,Ml,Pla de l'Estany,Local,ICGC,55821
55862,2016-06-10,07:21:41.0,42.15 N,2.86 E,10,0.2,Ml,Pla de l'Estany,Local,ICGC,55862
55861,2016-06-10,07:20:17.3,42.18 N,2.85 E,4,0.4,Ml,Pla de l'Estany,Local,ICGC,55861
55972,2016-06-10,07:12:25.5,42.18 N,2.87 E,12,-0.1,Ml,Pla de l'Estany,Local,ICGC,55972
55797,2016-06-10,07:09:29.8,42.17 N,2.86 E,7,1.2,Ml,Pla de l'Estany,Local,ICGC,55797
55971,2016-06-10,07:08:22.8,42.17 N,2.87 E,8,-0.2,Ml,Pla de l'Estany,Local,ICGC,55971
55796,2016-06-10,07:04:14.4,42.18 N,2.85 E,5,1.1,Ml,Pla de l'Estany,Local,ICGC,55796
55970,2016-06-10,07:03:40.5,42.18 N,2.87 E,10,-0.0,Ml,Pla de l'Estany,Local,ICGC,55970
55969,2016-06-10,07:02:40.4,42.17 N,2.86 E,13,0.3,Ml,Pla de l'Estany,Local,ICGC,55969
55879,2016-06-10,07:01:09.7,42.18 N,2.89 E,8,0.1,Ml,Pla de l'Estany,Local,ICGC,55879
55792,2016-06-10,07:00:46.3,42.18 N,2.86 E,4,0.5,Ml,Pla de l'Estany,Local,ICGC,55792
55791,2016-06-10,06:57:52.6,42.18 N,2.87 E,10,3.6,Ml,Pla de l'Estany,Local,ICGC,55791
55968,2016-06-10,06:11:23.1,42.17 N,2.87 E,9,0.1,Ml,Pla de l'Estany,Local,ICGC,55968
55786,2016-06-10,06:09:43.0,42.18 N,2.86 E,5,2.5,Ml,Pla de l'Estany,Local,ICGC,55786
55781,2016-06-10,02:10:42.2,41.78 N,2.79 E,7,0.8,Ml,Selva,Local,ICGC,55781
55816,2016-06-09,10:25:38.7,42.61 N,1.06 E,12,-0.3,Ml,Pallars Sobirà,Local,ICGC,55816
55814,2016-06-09,04:27:55.2,42.62 N,1.32 E,10,0.3,Ml,Pallars Sobirà,Local,ICGC,55814
55813,2016-06-09,02:50:25.7,42.92 N,0.31 E,11,0.7,Ml,Hautes-Pyrénées,Local,ICGC,55813
55812,2016-06-09,01:05:21.7,42.37 N,1.39 E,16,-0.8,Ml,Alt Urgell,Local,ICGC,55812
55757,2016-06-08,18:49:22.0,42.51 N,1.06 E,10,0.2,Ml,Pallars Sobirà,Local,ICGC,55757
55756,2016-06-08,18:43:58.1,42.51 N,1.10 E,14,-0.5,Ml,Pallars Sobirà,Local,ICGC,55756
55751,2016-06-08,16:38:31.2,42.50 N,1.10 E,11,0.6,Ml,Pallars Sobirà,Local,ICGC,55751
55737,2016-06-08,08:21:01.2,42.61 N,0.99 E,0,-0.5,Ml,Pallars Sobirà,Local,ICGC,55737
55736,2016-06-08,00:54:00.1,41.76 N,2.82 E,10,0.4,Ml,Selva,Local,ICGC,55736
55728,2016-06-07,09:26:43.0,42.31 N,1.94 E,5,-0.1,Ml,Berguedà,Local,ICGC,55728
55731,2016-06-07,01:49:51.0,42.37 N,1.00 E,13,-0.5,Ml,Pallars Sobirà,Local,ICGC,55731
55721,2016-06-06,20:11:23.5,41.69 N,2.95 E,7,1.3,Ml,Costa Selva,Local,ICGC,55721
55698,2016-06-05,23:08:05.5,42.24 N,2.01 E,10,0.1,Ml,Berguedà,Local,ICGC,55698
55697,2016-06-05,17:33:24.5,42.68 N,0.90 E,0,0.5,Ml,Val d'Aran,Local,ICGC,55697
55676,2016-06-05,06:19:42.3,41.83 N,3.01 E,13,0.8,Ml,Baix Empordà,Local,ICGC,55676
55691,2016-06-05,05:50:24.6,42.56 N,1.00 E,10,-0.2,Ml,Pallars Sobirà,Local,ICGC,55691
55689,2016-06-05,04:27:58.5,41.80 N,2.76 E,9,0.2,Ml,Selva,Local,ICGC,55689
55688,2016-06-05,02:52:24.7,42.24 N,1.83 E,9,-0.1,Ml,Berguedà,Local,ICGC,55688
55687,2016-06-05,00:43:16.0,42.66 N,2.18 E,9,-0.1,Ml,Aude,Local,ICGC,55687
55671,2016-06-05,00:40:19.7,42.59 N,2.13 E,10,0.3,Ml,Pyrénées-Orientales,Local,ICGC,55671
55686,2016-06-05,00:30:14.6,42.41 N,1.55 E,6,-0.5,Ml,Alt Urgell,Local,ICGC,55686
55685,2016-06-04,23:25:20.5,41.63 N,2.52 E,7,0.4,Ml,Vallès Oriental,Local,ICGC,55685
55666,2016-06-04,21:17:19.3,42.37 N,1.67 E,7,0.4,Ml,Cerdanya,Local,ICGC,55666
55661,2016-06-03,23:03:08.9,42.58 N,0.82 E,8,0.4,Ml,Alta Ribagorça,Local,ICGC,55661
55682,2016-06-03,21:04:55.4,42.48 N,1.31 E,13,-0.4,Ml,Pallars Sobirà,Local,ICGC,55682
55681,2016-06-03,21:04:15.6,42.47 N,1.31 E,8,-0.2,Ml,Pallars Sobirà,Local,ICGC,55681
55628,2016-06-01,21:19:42.6,42.48 N,1.05 E,10,-0.6,Ml,Pallars Sobirà,Local,ICGC,55628
55606,2016-05-31,19:26:24.2,42.28 N,1.22 E,9,-0.2,Ml,Alt Urgell,Local,ICGC,55606
55603,2016-05-31,16:34:39.1,41.82 N,2.90 E,10,0.4,Ml,Gironès,Local,ICGC,55603
55608,2016-05-31,15:55:42.1,41.84 N,2.79 E,9,0.2,Ml,Selva,Local,ICGC,55608
55596,2016-05-31,15:53:54.0,41.81 N,2.81 E,9,1.0,Ml,Selva,Local,ICGC,55596
55586,2016-05-31,09:05:13.2,42.55 N,3.08 E,4,1.5,Ml,Costa Pyrénées-Orientales,Local,ICGC,55586
55576,2016-05-31,05:04:16.7,42.17 N,3.19 E,9,0.7,Ml,Costa Alt Empordà,Local,ICGC,55576
55582,2016-05-30,23:21:04.5,42.59 N,0.84 E,6,0.3,Ml,Alta Ribagorça,Local,ICGC,55582
55571,2016-05-30,15:17:45.6,42.58 N,0.83 E,8,0.5,Ml,Alta Ribagorça,Local,ICGC,55571
55579,2016-05-30,15:09:58.0,41.88 N,2.75 E,10,-0.0,Ml,Selva,Local,ICGC,55579
55566,2016-05-30,13:41:21.8,42.29 N,2.21 E,9,0.7,Ml,Ripollès,Local,ICGC,55566
55578,2016-05-30,03:42:09.6,41.84 N,2.74 E,10,0.8,Ml,Selva,Local,ICGC,55578
55577,2016-05-30,00:34:07.9,41.81 N,2.90 E,9,0.6,Ml,Gironès,Local,ICGC,55577
55526,2016-05-29,21:56:04.9,41.82 N,2.90 E,9,0.6,Ml,Gironès,Local,ICGC,55526
55540,2016-05-28,14:15:11.4,42.59 N,1.05 E,17,-0.1,Ml,Pallars Sobirà,Local,ICGC,55540
55539,2016-05-28,13:24:54.1,41.84 N,2.78 E,11,-0.0,Ml,Selva,Local,ICGC,55539
55538,2016-05-28,13:11:21.0,41.07 N,1.12 E,0,0.8,Ml,Costa Baix Camp,Local,ICGC,55538
55537,2016-05-28,05:04:27.1,42.55 N,1.40 E,8,-0.1,Ml,Pallars Sobirà,Local,ICGC,55537
55506,2016-05-28,01:51:30.7,42.52 N,1.70 E,6,0.3,Ml,Andorra,Local,ICGC,55506
55535,2016-05-27,21:15:48.7,42.58 N,1.03 E,12,0.5,Ml,Pallars Sobirà,Local,ICGC,55535
55534,2016-05-27,20:51:32.7,42.57 N,1.05 E,12,-0.3,Ml,Pallars Sobirà,Local,ICGC,55534
55533,2016-05-27,20:28:46.1,42.69 N,3.31 E,10,0.6,Ml,Mar Mediterrània - Lleó,Local,ICGC,55533
55532,2016-05-27,17:30:26.1,42.59 N,0.81 E,15,-0.2,Ml,Alta Ribagorça,Local,ICGC,55532
55531,2016-05-27,12:16:24.3,42.53 N,1.06 E,8,-0.2,Ml,Pallars Sobirà,Local,ICGC,55531
55496,2016-05-26,00:04:02.7,40.80 N,1.17 E,20,0.9,Ml,Mar Mediterrània - Balears,Local,ICGC,55496
55485,2016-05-25,23:43:38.3,42.38 N,1.81 E,5,0.4,Ml,Cerdanya,Local,ICGC,55485
55461,2016-05-25,03:08:03.0,41.24 N,2.13 E,6,0.9,Ml,Costa Baix Llobregat,Local,ICGC,55461
55484,2016-05-25,02:48:07.7,42.55 N,1.37 E,3,-0.6,Ml,Pallars Sobirà,Local,ICGC,55484
55483,2016-05-25,00:22:52.3,41.85 N,2.77 E,10,0.2,Ml,Selva,Local,ICGC,55483
55470,2016-05-24,18:57:31.4,42.40 N,1.04 E,4,-0.1,Ml,Pallars Sobirà,Local,ICGC,55470
55469,2016-05-24,08:00:48.3,41.86 N,2.77 E,10,0.3,Ml,Selva,Local,ICGC,55469
55468,2016-05-24,07:52:13.9,41.83 N,2.79 E,14,0.3,Ml,Selva,Local,ICGC,55468
55466,2016-05-24,03:07:24.7,41.84 N,2.78 E,11,0.4,Ml,Selva,Local,ICGC,55466
55452,2016-05-23,22:18:52.7,41.92 N,2.73 E,11,0.3,Ml,Gironès,Local,ICGC,55452
55431,2016-05-23,20:28:55.6,41.81 N,2.90 E,8,1.1,Ml,Gironès,Local,ICGC,55431
55426,2016-05-23,14:35:58.0,42.58 N,0.86 E,12,0.3,Ml,Alta Ribagorça,Local,ICGC,55426
55422,2016-05-23,02:11:47.9,41.74 N,1.55 E,4,0.8,Ml,Anoia,Local,ICGC,55422
55421,2016-05-23,01:56:56.2,41.73 N,1.58 E,9,0.8,Ml,Anoia,Local,ICGC,55421
55412,2016-05-22,19:33:58.0,42.50 N,0.45 E,6,0.8,Ml,Huesca,Local,ICGC,55412
55411,2016-05-22,11:07:16.2,42.50 N,0.92 E,5,-0.4,Ml,Pallars Jussà,Local,ICGC,55411
55407,2016-05-22,00:54:21.8,41.95 N,3.07 E,1,0.4,Ml,Baix Empordà,Local,ICGC,55407
55406,2016-05-21,02:47:38.5,41.67 N,2.69 E,1,0.4,Ml,Maresme,Local,ICGC,55406
55402,2016-05-19,21:37:48.4,42.68 N,1.15 E,10,0.4,Ml,Pallars Sobirà,Local,ICGC,55402
55401,2016-05-19,18:13:40.5,42.59 N,1.71 E,7,0.1,Ml,Andorra,Local,ICGC,55401
55371,2016-05-18,09:54:36.6,42.99 N,0.00 E,0,1.0,Ml,Hautes-Pyrénées,Local,ICGC,55371
55356,2016-05-18,09:20:28.4,43.00 N,0.01 E,1,1.4,Ml,Hautes-Pyrénées,Local,ICGC,55356
55351,2016-05-17,14:24:18.9,42.46 N,2.07 E,9,-0.0,Ml,Pyrénées-Orientales,Local,ICGC,55351
55337,2016-05-16,02:48:33.4,41.84 N,2.77 E,10,0.8,Ml,Selva,Local,ICGC,55337
55336,2016-05-16,00:21:05.6,42.59 N,0.83 E,7,0.2,Ml,Alta Ribagorça,Local,ICGC,55336
55334,2016-05-15,07:38:58.7,41.84 N,2.66 E,11,0.5,Ml,Selva,Local,ICGC,55334
55333,2016-05-15,03:18:30.0,42.70 N,1.96 E,1,0.6,Ml,Ariège,Local,ICGC,55333
55332,2016-05-14,19:54:20.5,42.60 N,0.83 E,10,0.4,Ml,Alta Ribagorça,Local,ICGC,55332
55306,2016-05-12,22:43:01.2,41.30 N,1.03 E,12,1.0,Ml,Baix Camp,Local,ICGC,55306
55282,2016-05-12,07:13:57.0,42.56 N,1.92 E,2,1.4,Ml,Pyrénées-Orientales,Local,ICGC,55282
55296,2016-05-12,00:17:58.5,40.94 N,0.96 E,6,0.9,Ml,Costa Baix Camp,Local,ICGC,55296
55272,2016-05-11,12:24:16.1,42.98 N,0.26 E,8,0.9,Ml,Hautes-Pyrénées,Local,ICGC,55272
55271,2016-05-11,12:20:33.4,42.99 N,0.26 E,13,3.3,Ml,Hautes-Pyrénées,Local,ICGC,55271
55281,2016-05-11,10:12:09.0,42.99 N,0.58 E,7,0.5,Ml,Hautes-Pyrénées,Local,ICGC,55281
55251,2016-05-10,14:09:19.3,42.56 N,1.08 E,7,0.7,Ml,Pallars Sobirà,Local,ICGC,55251
55256,2016-05-10,01:01:47.8,41.81 N,2.91 E,9,0.6,Ml,Gironès,Local,ICGC,55256
55249,2016-05-09,01:00:53.4,42.66 N,2.50 E,9,0.2,Ml,Pyrénées-Orientales,Local,ICGC,55249
55231,2016-05-08,00:45:33.7,41.86 N,2.70 E,4,1.5,Ml,Selva,Local,ICGC,55231
55236,2016-05-06,01:15:08.6,42.69 N,0.66 E,11,-0.4,Ml,Huesca,Local,ICGC,55236
55206,2016-05-05,19:46:30.8,42.46 N,2.08 E,7,0.5,Ml,Pyrénées-Orientales,Local,ICGC,55206
55211,2016-05-05,04:53:16.9,42.60 N,0.84 E,9,0.2,Ml,Alta Ribagorça,Local,ICGC,55211
55195,2016-05-04,19:17:42.9,42.61 N,0.89 E,17,-0.1,Ml,Alta Ribagorça,Local,ICGC,55195
55194,2016-05-04,17:56:57.1,41.82 N,2.73 E,15,0.1,Ml,Selva,Local,ICGC,55194
55193,2016-05-04,16:56:57.2,42.69 N,1.93 E,0,0.4,Ml,Ariège,Local,ICGC,55193
55192,2016-05-04,04:36:04.9,42.59 N,0.84 E,10,0.0,Ml,Alta Ribagorça,Local,ICGC,55192
55191,2016-05-04,03:37:21.5,42.34 N,1.89 E,8,-0.2,Ml,Cerdanya,Local,ICGC,55191
55174,2016-05-03,23:30:03.2,42.81 N,2.04 E,13,-0.1,Ml,Aude,Local,ICGC,55174
55173,2016-05-03,22:51:23.1,42.59 N,0.83 E,10,0.3,Ml,Alta Ribagorça,Local,ICGC,55173
55172,2016-05-03,20:10:43.3,42.59 N,0.82 E,9,-0.1,Ml,Alta Ribagorça,Local,ICGC,55172
55171,2016-05-03,18:20:27.8,42.60 N,0.84 E,10,0.1,Ml,Alta Ribagorça,Local,ICGC,55171
55168,2016-05-03,18:14:44.9,42.59 N,0.81 E,9,0.1,Ml,Alta Ribagorça,Local,ICGC,55168
55167,2016-05-03,16:40:37.6,42.58 N,0.83 E,7,0.6,Ml,Alta Ribagorça,Local,ICGC,55167
55166,2016-05-03,15:06:50.9,42.59 N,0.83 E,11,0.1,Ml,Alta Ribagorça,Local,ICGC,55166
55148,2016-05-03,14:34:52.8,42.58 N,0.83 E,7,0.5,Ml,Alta Ribagorça,Local,ICGC,55148
55147,2016-05-03,14:30:58.8,42.59 N,0.83 E,12,0.7,Ml,Alta Ribagorça,Local,ICGC,55147
55146,2016-05-03,14:02:03.8,42.59 N,0.82 E,6,0.7,Ml,Alta Ribagorça,Local,ICGC,55146
55141,2016-05-03,13:19:31.5,42.59 N,0.82 E,8,1.2,Ml,Alta Ribagorça,Local,ICGC,55141
55151,2016-05-02,10:55:55.6,40.95 N,0.76 E,8,1.1,Ml,Ribera d'Ebre,Local,ICGC,55151
55131,2016-05-01,22:26:18.3,42.43 N,1.57 E,7,-0.0,Ml,Alt Urgell,Local,ICGC,55131
55126,2016-05-01,00:02:13.3,41.77 N,2.75 E,7,0.7,Ml,Selva,Local,ICGC,55126
55086,2016-04-30,16:54:43.1,42.85 N,1.10 E,16,1.3,Ml,Ariège,Local,ICGC,55086
55116,2016-04-30,10:02:36.4,42.59 N,0.86 E,4,-0.1,Ml,Alta Ribagorça,Local,ICGC,55116
55113,2016-04-30,06:36:41.9,42.60 N,0.84 E,3,0.0,Ml,Alta Ribagorça,Local,ICGC,55113
55111,2016-04-30,02:30:23.8,42.59 N,0.83 E,4,0.2,Ml,Alta Ribagorça,Local,ICGC,55111
55109,2016-04-30,00:52:17.9,42.29 N,1.56 E,18,0.2,Ml,Alt Urgell,Local,ICGC,55109
55071,2016-04-30,00:37:47.6,42.27 N,1.62 E,6,0.4,Ml,Alt Urgell,Local,ICGC,55071
55108,2016-04-30,00:36:32.0,42.30 N,1.56 E,22,0.1,Ml,Alt Urgell,Local,ICGC,55108
55107,2016-04-30,00:06:46.6,42.58 N,0.84 E,7,-0.1,Ml,Alta Ribagorça,Local,ICGC,55107
55106,2016-04-29,23:58:41.1,42.29 N,2.44 E,8,-0.7,Ml,Garrotxa,Local,ICGC,55106
55102,2016-04-29,21:20:48.4,42.59 N,0.84 E,10,0.5,Ml,Alta Ribagorça,Local,ICGC,55102
55101,2016-04-29,20:54:11.7,42.57 N,0.87 E,15,-0.3,Ml,Alta Ribagorça,Local,ICGC,55101
55095,2016-04-29,20:29:21.6,42.60 N,0.85 E,10,-0.2,Ml,Alta Ribagorça,Local,ICGC,55095
55066,2016-04-29,20:26:34.5,42.61 N,0.83 E,14,0.5,Ml,Alta Ribagorça,Local,ICGC,55066
55064,2016-04-29,18:51:31.8,42.59 N,0.84 E,10,0.5,Ml,Alta Ribagorça,Local,ICGC,55064
55063,2016-04-29,18:23:59.2,42.59 N,0.83 E,8,1.7,Ml,Alta Ribagorça,Local,ICGC,55063
55062,2016-04-29,17:55:32.5,42.58 N,0.82 E,5,0.4,Ml,Alta Ribagorça,Local,ICGC,55062
55094,2016-04-29,16:04:18.5,42.59 N,0.85 E,8,0.0,Ml,Alta Ribagorça,Local,ICGC,55094
55093,2016-04-29,16:01:29.4,42.61 N,0.81 E,14,-0.3,Ml,Alta Ribagorça,Local,ICGC,55093
55061,2016-04-29,15:47:37.1,42.59 N,0.83 E,8,0.1,Ml,Alta Ribagorça,Local,ICGC,55061
55092,2016-04-29,15:24:42.4,42.59 N,0.86 E,6,-0.3,Ml,Alta Ribagorça,Local,ICGC,55092
55058,2016-04-29,06:58:56.2,42.57 N,1.36 E,9,-0.5,Ml,Pallars Sobirà,Local,ICGC,55058
55056,2016-04-29,01:14:37.8,42.57 N,1.35 E,11,-0.1,Ml,Pallars Sobirà,Local,ICGC,55056
55052,2016-04-28,23:28:41.0,42.41 N,1.39 E,15,-0.9,Ml,Alt Urgell,Local,ICGC,55052
55051,2016-04-28,22:07:41.4,42.55 N,0.87 E,9,-0.5,Ml,Alta Ribagorça,Local,ICGC,55051
55026,2016-04-26,20:16:04.9,42.52 N,1.01 E,10,0.8,Ml,Pallars Jussà,Local,ICGC,55026
55015,2016-04-25,04:00:58.4,40.58 N,0.83 E,10,1.3,Ml,Costa Montsià,Local,ICGC,55015
54976,2016-04-24,14:43:38.1,42.18 N,2.85 E,5,1.3,Ml,Pla de l'Estany,Local,ICGC,54976
54996,2016-04-23,23:35:09.6,42.13 N,1.44 E,0,0.8,Ml,Solsonès,Local,ICGC,54996
54971,2016-04-23,07:57:52.8,42.99 N,0.22 E,10,0.8,Ml,Hautes-Pyrénées,Local,ICGC,54971
55003,2016-04-22,19:48:02.9,42.36 N,1.26 E,4,-0.4,Ml,Alt Urgell,Local,ICGC,55003
54991,2016-04-21,19:15:44.1,42.06 N,3.39 E,4,0.9,Ml,Costa Baix Empordà,Local,ICGC,54991
54926,2016-04-20,19:23:22.5,42.40 N,1.81 E,0,0.9,Ml,Cerdanya,Local,ICGC,54926
54907,2016-04-20,08:34:31.9,42.66 N,1.32 E,5,0.9,Ml,Pallars Sobirà,Local,ICGC,54907
54901,2016-04-20,04:51:00.5,41.78 N,2.91 E,4,0.9,Ml,Gironès,Local,ICGC,54901
54964,2016-04-20,03:40:16.1,42.37 N,2.38 E,10,-0.4,Ml,Ripollès,Local,ICGC,54964
54961,2016-04-19,21:40:23.7,41.19 N,1.37 E,5,1.1,Ml,Tarragonès,Local,ICGC,54961
54896,2016-04-19,15:40:05.2,42.96 N,0.14 E,0,1.6,Ml,Hautes-Pyrénées,Local,ICGC,54896
54953,2016-04-19,15:09:16.1,42.95 N,0.17 E,0,0.7,Ml,Hautes-Pyrénées,Local,ICGC,54953
54952,2016-04-19,12:20:32.0,42.96 N,0.15 E,0,1.0,Ml,Hautes-Pyrénées,Local,ICGC,54952
54946,2016-04-19,06:32:35.2,42.96 N,0.14 E,0,1.1,Ml,Hautes-Pyrénées,Local,ICGC,54946
54941,2016-04-18,12:48:13.6,42.26 N,2.25 E,3,0.5,Ml,Ripollès,Local,ICGC,54941
54940,2016-04-18,03:57:12.7,41.82 N,2.65 E,4,0.3,Ml,Selva,Local,ICGC,54940
54939,2016-04-17,15:17:55.0,40.94 N,0.95 E,0,1.1,Ml,Costa Baix Camp,Local,ICGC,54939
54937,2016-04-17,14:49:20.8,41.83 N,2.77 E,2,-0.1,Ml,Selva,Local,ICGC,54937
54936,2016-04-17,12:13:58.7,42.53 N,0.98 E,4,-0.1,Ml,Pallars Jussà,Local,ICGC,54936
54921,2016-04-16,20:34:42.6,41.87 N,1.78 E,0,0.5,Ml,Bages,Local,ICGC,54921
54916,2016-04-16,18:19:34.7,42.06 N,1.46 E,16,0.2,Ml,Solsonès,Local,ICGC,54916
54912,2016-04-16,16:32:11.6,42.32 N,0.83 E,0,0.7,Ml,Alta Ribagorça,Local,ICGC,54912
54913,2016-04-16,16:31:49.0,42.06 N,1.48 E,11,0.2,Ml,Solsonès,Local,ICGC,54913
54841,2016-04-16,12:07:22.4,40.44 N,0.50 E,2,1.3,Ml,Costa Castelló,Local,ICGC,54841
54906,2016-04-16,05:40:17.9,42.63 N,0.82 E,4,0.3,Ml,Val d'Aran,Local,ICGC,54906
54891,2016-04-16,02:56:33.2,42.80 N,0.48 E,0,0.7,Ml,Haute-Garonne,Local,ICGC,54891
54886,2016-04-15,23:31:48.3,41.78 N,2.88 E,5,0.5,Ml,Gironès,Local,ICGC,54886
54876,2016-04-15,22:50:08.4,41.10 N,1.30 E,0,0.9,Ml,Costa Tarragonès,Local,ICGC,54876
54874,2016-04-15,20:48:28.0,41.78 N,2.74 E,3,0.4,Ml,Selva,Local,ICGC,54874
54873,2016-04-15,18:39:21.0,42.72 N,1.99 E,4,0.8,Ml,Ariège,Local,ICGC,54873
55247,2016-04-15,18:22:00.3,41.84 N,2.78 E,10,0.7,Ml,Selva,Local,ICGC,55247
54872,2016-04-15,18:21:48.5,41.84 N,2.78 E,10,0.9,Ml,Selva,Local,ICGC,54872
54861,2016-04-15,04:21:10.6,41.73 N,2.37 E,0,0.7,Ml,Vallès Oriental,Local,ICGC,54861
54856,2016-04-14,12:49:35.4,42.41 N,1.10 E,4,0.1,Ml,Pallars Sobirà,Local,ICGC,54856
54854,2016-04-14,08:33:49.9,42.72 N,2.83 E,4,0.2,Ml,Pyrénées-Orientales,Local,ICGC,54854
54816,2016-04-13,20:50:56.9,41.86 N,2.77 E,11,-0.1,Ml,Selva,Local,ICGC,54816
54756,2016-04-13,18:25:41.9,41.85 N,2.79 E,10,2.2,Ml,Selva,Local,ICGC,54756
54811,2016-04-13,18:23:41.1,41.84 N,2.79 E,10,0.2,Ml,Selva,Local,ICGC,54811
54796,2016-04-13,01:55:10.4,42.38 N,2.36 E,8,-0.6,Ml,Ripollès,Local,ICGC,54796
54736,2016-04-12,23:28:22.6,42.53 N,1.01 E,3,0.9,Ml,Pallars Jussà,Local,ICGC,54736
54731,2016-04-12,18:54:24.6,42.41 N,2.29 E,3,0.4,Ml,Ripollès,Local,ICGC,54731
54726,2016-04-12,16:32:55.3,42.60 N,0.69 E,1,1.3,Ml,Huesca,Local,ICGC,54726
54791,2016-04-12,15:26:33.9,42.41 N,2.30 E,5,0.4,Ml,Ripollès,Local,ICGC,54791
54766,2016-04-11,13:43:16.9,40.91 N,0.98 E,1,1.2,Ml,Costa Baix Camp,Local,ICGC,54766
54762,2016-04-11,04:18:50.5,41.89 N,2.11 E,13,0.3,Ml,Moianès,Local,ICGC,54762
54752,2016-04-10,23:19:26.2,41.77 N,1.75 E,0,-0.1,Ml,Bages,Local,ICGC,54752
54751,2016-04-10,19:40:51.6,41.35 N,3.17 E,8,0.9,Ml,Mar Mediterrània - Menorca,Local,ICGC,54751
54749,2016-04-10,17:30:27.6,42.44 N,1.80 E,3,0.6,Ml,Cerdanya,Local,ICGC,54749
54745,2016-04-10,16:54:47.9,42.75 N,1.97 E,7,0.4,Ml,Aude,Local,ICGC,54745
54744,2016-04-10,15:01:13.8,40.95 N,0.94 E,0,1.2,Ml,Costa Baix Camp,Local,ICGC,54744
54741,2016-04-10,08:40:54.0,42.89 N,2.06 E,9,0.4,Ml,Aude,Local,ICGC,54741
54716,2016-04-09,17:15:32.4,42.36 N,0.57 E,0,0.7,Ml,Huesca,Local,ICGC,54716
54713,2016-04-09,15:37:26.3,42.81 N,2.83 E,0,0.8,Ml,Pyrénées-Orientales,Local,ICGC,54713
54712,2016-04-09,14:50:59.9,41.41 N,1.76 E,5,0.8,Ml,Alt Penedès,Local,ICGC,54712
54711,2016-04-09,10:48:43.5,41.80 N,2.69 E,4,0.9,Ml,Selva,Local,ICGC,54711
54706,2016-04-09,10:41:23.5,41.84 N,2.77 E,9,0.3,Ml,Selva,Local,ICGC,54706
54696,2016-04-09,08:29:51.0,42.43 N,1.48 E,10,-0.2,Ml,Alt Urgell,Local,ICGC,54696
54692,2016-04-09,06:07:44.9,42.81 N,2.84 E,4,0.9,Ml,Pyrénées-Orientales,Local,ICGC,54692
54691,2016-04-09,05:56:40.6,42.81 N,2.87 E,4,0.8,Ml,Pyrénées-Orientales,Local,ICGC,54691
54687,2016-04-09,05:39:00.9,42.81 N,2.83 E,4,0.8,Ml,Pyrénées-Orientales,Local,ICGC,54687
54686,2016-04-09,05:13:18.5,42.81 N,2.86 E,5,1.1,Ml,Pyrénées-Orientales,Local,ICGC,54686
54681,2016-04-09,05:10:21.9,42.81 N,2.86 E,5,1.1,Ml,Pyrénées-Orientales,Local,ICGC,54681
54676,2016-04-09,05:06:24.6,42.77 N,2.84 E,5,2.2,Ml,Pyrénées-Orientales,Local,ICGC,54676
54636,2016-04-09,05:05:37.5,42.80 N,2.85 E,4,2.5,Ml,Pyrénées-Orientales,Local,ICGC,54636
54651,2016-04-08,21:38:31.7,42.41 N,2.36 E,0,0.0,Ml,Pyrénées-Orientales,Local,ICGC,54651
54642,2016-04-07,06:03:17.7,41.84 N,2.77 E,9,0.1,Ml,Selva,Local,ICGC,54642
54641,2016-04-07,05:26:49.9,41.85 N,2.76 E,8,0.2,Ml,Selva,Local,ICGC,54641
54633,2016-04-07,05:04:15.5,41.84 N,2.78 E,11,0.0,Ml,Selva,Local,ICGC,54633
54632,2016-04-07,04:54:08.2,41.85 N,2.75 E,0,0.3,Ml,Selva,Local,ICGC,54632
54621,2016-04-06,23:04:49.1,41.85 N,2.24 E,11,0.5,Ml,Osona,Local,ICGC,54621
54616,2016-04-06,13:31:28.6,42.77 N,1.97 E,5,0.8,Ml,Aude,Local,ICGC,54616
54611,2016-04-05,22:09:55.2,42.70 N,2.04 E,4,0.4,Ml,Ariège,Local,ICGC,54611
54607,2016-04-05,21:50:15.5,42.58 N,1.65 E,4,0.5,Ml,Andorra,Local,ICGC,54607
54521,2016-04-05,04:06:02.4,42.65 N,0.88 E,0,1.7,Ml,Val d'Aran,Local,ICGC,54521
54601,2016-04-05,03:40:50.8,41.83 N,2.78 E,10,-0.0,Ml,Selva,Local,ICGC,54601
54587,2016-04-04,17:12:44.2,42.58 N,2.16 E,0,-0.2,Ml,Pyrénées-Orientales,Local,ICGC,54587
54519,2016-04-04,13:46:32.5,41.30 N,0.99 E,5,2.3,Ml,Baix Camp,Local,ICGC,54519
54518,2016-04-04,12:38:14.1,42.76 N,1.98 E,5,2.0,Ml,Aude,Local,ICGC,54518
54586,2016-04-04,06:15:13.1,42.42 N,2.30 E,2,-0.0,Ml,Ripollès,Local,ICGC,54586
54581,2016-04-04,05:52:25.7,42.42 N,2.29 E,7,-0.1,Ml,Pyrénées-Orientales,Local,ICGC,54581
54577,2016-04-04,05:05:07.1,42.42 N,2.30 E,5,-0.2,Ml,Ripollès,Local,ICGC,54577
54576,2016-04-04,04:19:35.7,42.42 N,2.30 E,5,0.0,Ml,Ripollès,Local,ICGC,54576
54506,2016-04-04,01:49:30.6,40.70 N,1.00 E,0,1.4,Ml,Costa Montsià,Local,ICGC,54506
54566,2016-04-03,21:55:21.7,42.52 N,0.99 E,14,-0.5,Ml,Pallars Jussà,Local,ICGC,54566
54501,2016-04-03,03:58:17.1,42.46 N,1.95 E,4,1.1,Ml,Pyrénées-Orientales,Local,ICGC,54501
54551,2016-04-03,00:06:40.5,42.76 N,1.96 E,5,-0.1,Ml,Aude,Local,ICGC,54551
54541,2016-04-02,20:25:36.7,42.97 N,0.18 E,1,1.0,Ml,Hautes-Pyrénées,Local,ICGC,54541
54531,2016-04-02,08:12:56.5,42.23 N,3.00 E,4,0.6,Ml,Alt Empordà,Local,ICGC,54531
54526,2016-04-01,15:28:21.9,42.75 N,1.96 E,4,0.6,Ml,Aude,Local,ICGC,54526
54511,2016-03-31,23:37:27.1,42.25 N,1.52 E,1,0.2,Ml,Alt Urgell,Local,ICGC,54511
54421,2016-03-30,01:55:15.3,40.86 N,1.34 E,5,1.3,Ml,Mar Mediterrània - Balears,Local,ICGC,54421
54416,2016-03-29,11:55:09.3,42.53 N,0.65 E,3,1.4,Ml,Huesca,Local,ICGC,54416
54471,2016-03-29,04:37:08.8,42.77 N,2.12 E,4,0.2,Ml,Aude,Local,ICGC,54471
54456,2016-03-28,02:17:55.7,42.44 N,0.92 E,4,-0.0,Ml,Pallars Jussà,Local,ICGC,54456
54436,2016-03-27,20:50:44.9,42.58 N,0.88 E,6,-0.4,Ml,Alta Ribagorça,Local,ICGC,54436
54413,2016-03-26,12:20:56.7,42.34 N,2.07 E,5,-0.2,Ml,Ripollès,Local,ICGC,54413
54412,2016-03-25,09:42:06.9,42.96 N,0.16 E,2,0.5,Ml,Hautes-Pyrénées,Local,ICGC,54412
54401,2016-03-25,09:22:39.3,42.97 N,0.16 E,4,1.5,Ml,Hautes-Pyrénées,Local,ICGC,54401
54411,2016-03-24,22:48:57.0,41.85 N,1.78 E,5,0.5,Ml,Bages,Local,ICGC,54411
54396,2016-03-24,14:25:43.0,42.40 N,2.00 E,9,1.2,Ml,Pyrénées-Orientales,Local,ICGC,54396
54387,2016-03-23,01:04:05.5,41.86 N,2.89 E,13,0.6,Ml,Gironès,Local,ICGC,54387
54386,2016-03-23,01:03:28.8,41.86 N,2.88 E,12,0.5,Ml,Gironès,Local,ICGC,54386
54346,2016-03-21,06:34:42.6,42.99 N,0.23 E,10,0.9,Ml,Hautes-Pyrénées,Local,ICGC,54346
54359,2016-03-20,22:54:33.2,41.68 N,2.65 E,0,0.2,Ml,Maresme,Local,ICGC,54359
54352,2016-03-19,23:17:10.9,42.79 N,1.89 E,7,0.3,Ml,Ariège,Local,ICGC,54352
54351,2016-03-18,22:26:15.1,41.75 N,2.67 E,5,0.0,Ml,Selva,Local,ICGC,54351
54350,2016-03-18,14:03:10.0,42.20 N,2.13 E,3,0.5,Ml,Ripollès,Local,ICGC,54350
54349,2016-03-18,07:54:44.0,42.29 N,2.23 E,6,0.1,Ml,Ripollès,Local,ICGC,54349
54348,2016-03-18,07:49:12.6,42.53 N,1.99 E,9,0.2,Ml,Pyrénées-Orientales,Local,ICGC,54348
54311,2016-03-17,09:57:43.6,42.06 N,2.24 E,0,0.6,Ml,Osona,Local,ICGC,54311
54332,2016-03-16,17:49:54.6,42.44 N,1.55 E,7,-0.1,Ml,Andorra,Local,ICGC,54332
54321,2016-03-16,01:09:52.4,42.78 N,1.99 E,6,0.2,Ml,Aude,Local,ICGC,54321
54306,2016-03-16,01:08:59.0,42.77 N,1.97 E,4,0.5,Ml,Aude,Local,ICGC,54306
54296,2016-03-15,11:06:04.8,42.75 N,1.96 E,4,0.8,Ml,Aude,Local,ICGC,54296
54276,2016-03-14,01:37:49.3,40.89 N,1.64 E,4,1.1,Ml,Mar Mediterrània - Balears,Local,ICGC,54276
54256,2016-03-13,10:44:02.7,42.41 N,1.55 E,7,0.4,Ml,Alt Urgell,Local,ICGC,54256
54251,2016-03-13,08:11:13.4,42.39 N,1.55 E,7,-0.1,Ml,Alt Urgell,Local,ICGC,54251
54246,2016-03-13,06:34:21.4,42.50 N,1.88 E,8,0.2,Ml,Pyrénées-Orientales,Local,ICGC,54246
54241,2016-03-12,18:56:28.1,42.50 N,1.75 E,0,-0.4,Ml,Pyrénées-Orientales,Local,ICGC,54241
54236,2016-03-12,05:42:21.3,42.73 N,1.95 E,12,0.2,Ml,Ariège,Local,ICGC,54236
54226,2016-03-12,03:31:09.8,40.78 N,1.75 E,5,1.7,Ml,Mar Mediterrània - Balears,Local,ICGC,54226
54221,2016-03-11,16:10:31.7,42.76 N,1.97 E,5,0.7,Ml,Aude,Local,ICGC,54221
54216,2016-03-11,04:12:15.5,42.75 N,1.98 E,5,0.3,Ml,Aude,Local,ICGC,54216
54211,2016-03-11,02:39:39.6,42.76 N,1.96 E,4,1.1,Ml,Aude,Local,ICGC,54211
54201,2016-03-10,05:45:11.6,42.75 N,1.96 E,3,0.8,Ml,Aude,Local,ICGC,54201
54197,2016-03-10,04:35:06.7,42.74 N,1.95 E,10,0.3,Ml,Aude,Local,ICGC,54197
54181,2016-03-10,02:59:12.0,42.75 N,1.97 E,3,1.5,Ml,Aude,Local,ICGC,54181
54189,2016-03-09,19:39:08.2,41.91 N,2.66 E,0,0.8,Ml,Selva,Local,ICGC,54189
54188,2016-03-09,19:00:26.9,42.77 N,1.99 E,4,0.6,Ml,Aude,Local,ICGC,54188
54187,2016-03-09,13:22:19.1,42.76 N,1.96 E,6,0.4,Ml,Aude,Local,ICGC,54187
54176,2016-03-09,12:17:01.9,41.20 N,1.73 E,0,1.3,Ml,Costa Garraf,Local,ICGC,54176
54186,2016-03-09,11:37:23.3,41.16 N,1.69 E,5,1.1,Ml,Costa Garraf,Local,ICGC,54186
54166,2016-03-08,05:04:23.8,42.75 N,1.98 E,3,0.7,Ml,Aude,Local,ICGC,54166
54141,2016-03-07,12:14:40.0,42.18 N,3.18 E,4,1.5,Ml,Costa Alt Empordà,Local,ICGC,54141
54161,2016-03-07,11:54:19.4,41.76 N,2.76 E,0,0.1,Ml,Selva,Local,ICGC,54161
54156,2016-03-07,03:26:41.5,42.75 N,1.95 E,0,0.6,Ml,Aude,Local,ICGC,54156
54153,2016-03-06,23:11:13.9,42.75 N,1.96 E,4,-0.6,Ml,Aude,Local,ICGC,54153
54152,2016-03-06,13:11:53.0,42.76 N,1.97 E,5,0.4,Ml,Aude,Local,ICGC,54152
54146,2016-03-05,21:08:41.3,42.74 N,1.95 E,7,0.4,Ml,Aude,Local,ICGC,54146
54143,2016-03-05,13:02:18.8,42.60 N,0.25 E,5,1.6,Ml,Huesca,Local,ICGC,54143
54142,2016-03-05,06:08:56.2,42.27 N,1.98 E,5,0.6,Ml,Berguedà,Local,ICGC,54142
54136,2016-03-04,22:49:35.5,41.47 N,2.11 E,4,0.7,Ml,Vallès Occidental,Local,ICGC,54136
54126,2016-03-04,20:53:25.5,42.64 N,0.73 E,4,1.0,Ml,Val d'Aran,Local,ICGC,54126
54122,2016-03-03,08:01:52.2,42.77 N,1.98 E,4,0.7,Ml,Aude,Local,ICGC,54122
54121,2016-03-03,04:30:33.3,42.77 N,1.98 E,4,0.6,Ml,Aude,Local,ICGC,54121
54119,2016-03-03,01:22:40.7,41.66 N,2.38 E,4,0.5,Ml,Vallès Oriental,Local,ICGC,54119
54117,2016-03-03,01:10:15.4,42.75 N,1.94 E,0,0.4,Ml,Ariège,Local,ICGC,54117
54113,2016-03-02,23:56:23.6,42.78 N,1.97 E,8,0.1,Ml,Aude,Local,ICGC,54113
54101,2016-03-02,23:05:24.1,42.63 N,0.72 E,4,1.0,Ml,Val d'Aran,Local,ICGC,54101
54096,2016-03-02,21:59:53.4,42.75 N,1.97 E,4,1.6,Ml,Aude,Local,ICGC,54096
54091,2016-03-02,21:27:56.4,42.75 N,1.97 E,3,1.8,Ml,Aude,Local,ICGC,54091
54087,2016-03-02,19:56:56.1,42.75 N,1.98 E,4,1.2,Ml,Aude,Local,ICGC,54087
54086,2016-03-02,19:32:13.1,42.76 N,1.98 E,9,3.3,Ml,Aude,Local,ICGC,54086
54112,2016-03-02,15:31:05.3,42.63 N,0.71 E,4,0.5,Ml,Val d'Aran,Local,ICGC,54112
54111,2016-03-02,15:18:09.3,42.61 N,0.78 E,1,0.0,Ml,Alta Ribagorça,Local,ICGC,54111
54106,2016-03-02,07:19:18.4,41.84 N,2.78 E,10,0.1,Ml,Selva,Local,ICGC,54106
54077,2016-03-01,17:28:20.6,42.48 N,1.96 E,9,0.3,Ml,Pyrénées-Orientales,Local,ICGC,54077
54073,2016-03-01,09:50:03.4,40.92 N,1.42 E,2,1.4,Ml,Mar Mediterrània - Balears,Local,ICGC,54073
54071,2016-03-01,00:56:01.3,42.11 N,2.70 E,10,-0.3,Ml,Pla de l'Estany,Local,ICGC,54071
54066,2016-02-29,17:33:27.6,42.61 N,2.63 E,5,0.4,Ml,Pyrénées-Orientales,Local,ICGC,54066
54061,2016-02-28,13:07:24.3,42.57 N,2.13 E,6,-0.3,Ml,Pyrénées-Orientales,Local,ICGC,54061
54056,2016-02-28,02:27:50.2,42.69 N,2.81 E,4,0.9,Ml,Pyrénées-Orientales,Local,ICGC,54056
54036,2016-02-27,14:40:00.8,42.57 N,1.39 E,1,0.8,Ml,Pallars Sobirà,Local,ICGC,54036
54052,2016-02-26,10:44:11.0,42.07 N,2.58 E,4,0.2,Ml,Garrotxa,Local,ICGC,54052
54051,2016-02-26,08:23:35.7,41.91 N,3.26 E,0,0.6,Ml,Costa Baix Empordà,Local,ICGC,54051
54046,2016-02-26,02:03:18.1,41.79 N,2.74 E,4,0.2,Ml,Selva,Local,ICGC,54046
54026,2016-02-25,06:48:58.8,42.59 N,0.87 E,0,-0.6,Ml,Alta Ribagorça,Local,ICGC,54026
54016,2016-02-24,22:03:24.5,42.43 N,2.26 E,5,0.7,Ml,Ripollès,Local,ICGC,54016
54002,2016-02-23,03:06:10.9,42.84 N,0.27 E,1,0.4,Ml,Hautes-Pyrénées,Local,ICGC,54002
54001,2016-02-23,00:50:05.5,42.36 N,1.21 E,6,-0.5,Ml,Pallars Sobirà,Local,ICGC,54001
53984,2016-02-22,21:23:03.4,41.72 N,3.00 E,13,0.2,Ml,Costa Selva,Local,ICGC,53984
53983,2016-02-22,20:18:30.5,42.67 N,1.18 E,10,0.1,Ml,Pallars Sobirà,Local,ICGC,53983
53982,2016-02-22,12:19:06.7,41.19 N,1.89 E,0,0.9,Ml,Costa Garraf,Local,ICGC,53982
53977,2016-02-21,05:03:34.9,41.70 N,2.90 E,1,0.7,Ml,Selva,Local,ICGC,53977
53976,2016-02-21,04:16:46.2,42.84 N,2.45 E,1,0.4,Ml,Pyrénées-Orientales,Local,ICGC,53976
53971,2016-02-20,23:47:20.8,42.99 N,0.18 E,5,0.2,Ml,Hautes-Pyrénées,Local,ICGC,53971
53969,2016-02-20,21:24:21.2,42.33 N,0.68 E,1,0.4,Ml,Huesca,Local,ICGC,53969
53967,2016-02-19,03:30:44.0,42.42 N,2.35 E,4,-0.7,Ml,Pyrénées-Orientales,Local,ICGC,53967
53957,2016-02-18,22:04:59.1,42.36 N,1.22 E,6,-0.7,Ml,Alt Urgell,Local,ICGC,53957
53956,2016-02-18,01:01:49.4,42.75 N,2.49 E,10,0.1,Ml,Pyrénées-Orientales,Local,ICGC,53956
53922,2016-02-17,22:41:07.5,42.95 N,0.67 E,11,0.7,Ml,Haute-Garonne,Local,ICGC,53922
53921,2016-02-17,21:16:57.4,41.93 N,2.08 E,13,0.1,Ml,Osona,Local,ICGC,53921
53911,2016-02-16,21:53:24.4,42.69 N,2.09 E,5,1.5,Ml,Ariège,Local,ICGC,53911
54007,2016-02-16,02:43:21.8,42.45 N,1.19 E,8,0.3,Ml,Pallars Sobirà,Local,ICGC,54007
53876,2016-02-13,23:06:26.2,42.46 N,2.74 E,4,0.4,Ml,Pyrénées-Orientales,Local,ICGC,53876
53902,2016-02-13,13:59:04.9,42.35 N,1.28 E,0,0.1,Ml,Alt Urgell,Local,ICGC,53902
53901,2016-02-13,13:49:17.8,41.78 N,2.66 E,1,0.6,Ml,Selva,Local,ICGC,53901
53897,2016-02-12,20:09:19.4,42.13 N,2.35 E,16,-0.2,Ml,Osona,Local,ICGC,53897
53896,2016-02-12,01:31:11.8,40.93 N,0.95 E,0,1.0,Ml,Costa Baix Camp,Local,ICGC,53896
53891,2016-02-09,14:04:36.7,42.35 N,1.22 E,3,-0.2,Ml,Alt Urgell,Local,ICGC,53891
53886,2016-02-09,06:23:45.7,42.51 N,1.36 E,7,0.6,Ml,Pallars Sobirà,Local,ICGC,53886
53882,2016-02-08,02:46:44.3,42.35 N,1.27 E,0,0.8,Ml,Alt Urgell,Local,ICGC,53882
53881,2016-02-08,01:18:21.7,42.23 N,1.83 E,2,0.1,Ml,Berguedà,Local,ICGC,53881
53866,2016-02-07,09:36:25.5,42.30 N,1.91 E,3,0.2,Ml,Berguedà,Local,ICGC,53866
53859,2016-02-07,05:58:02.2,42.54 N,1.87 E,4,0.1,Ml,Pyrénées-Orientales,Local,ICGC,53859
53858,2016-02-07,04:14:26.1,42.24 N,1.89 E,4,-0.3,Ml,Berguedà,Local,ICGC,53858
53851,2016-02-07,00:37:26.3,42.55 N,1.09 E,5,-0.1,Ml,Pallars Sobirà,Local,ICGC,53851
53841,2016-02-05,20:46:51.3,42.35 N,1.27 E,5,-0.7,Ml,Alt Urgell,Local,ICGC,53841
53838,2016-02-04,12:14:36.3,42.46 N,2.09 E,5,0.9,Ml,Pyrénées-Orientales,Local,ICGC,53838
53832,2016-02-04,07:30:36.4,42.48 N,1.24 E,15,-0.4,Ml,Pallars Sobirà,Local,ICGC,53832
53831,2016-02-04,00:34:10.8,42.31 N,1.96 E,0,0.2,Ml,Berguedà,Local,ICGC,53831
53826,2016-02-04,00:30:36.4,42.33 N,1.98 E,5,0.4,Ml,Ripollès,Local,ICGC,53826
53946,2016-02-03,13:11:08.1,42.29 N,2.93 E,0,0.6,Ml,Alt Empordà,Local,ICGC,53946
53777,2016-02-03,13:10:23.9,42.29 N,2.93 E,0,0.5,Ml,Alt Empordà,Local,ICGC,53777
53941,2016-02-03,13:09:41.3,42.29 N,2.93 E,0,0.4,Ml,Alt Empordà,Local,ICGC,53941
53939,2016-02-03,13:01:34.4,42.29 N,2.93 E,0,0.3,Ml,Alt Empordà,Local,ICGC,53939
53938,2016-02-03,12:59:14.5,42.29 N,2.93 E,1,-0.0,Ml,Alt Empordà,Local,ICGC,53938
53937,2016-02-03,12:50:41.7,42.29 N,2.93 E,0,0.2,Ml,Alt Empordà,Local,ICGC,53937
53936,2016-02-03,12:48:54.7,42.28 N,2.93 E,1,0.1,Ml,Alt Empordà,Local,ICGC,53936
53931,2016-02-03,12:47:13.7,42.28 N,2.94 E,8,-0.2,Ml,Alt Empordà,Local,ICGC,53931
53822,2016-02-03,10:50:49.3,42.31 N,1.95 E,0,0.4,Ml,Berguedà,Local,ICGC,53822
53821,2016-02-03,10:21:11.6,42.31 N,1.95 E,0,-0.1,Ml,Berguedà,Local,ICGC,53821
53817,2016-02-03,10:05:49.2,42.31 N,1.95 E,0,0.2,Ml,Berguedà,Local,ICGC,53817
53892,2016-02-03,09:55:34.0,42.31 N,1.95 E,0,0.3,Ml,Berguedà,Local,ICGC,53892
53816,2016-02-03,09:54:54.8,42.31 N,1.95 E,2,0.1,Ml,Berguedà,Local,ICGC,53816
53813,2016-02-03,09:52:54.5,42.31 N,1.95 E,1,0.2,Ml,Cerdanya,Local,ICGC,53813
53812,2016-02-03,09:37:28.5,42.32 N,1.97 E,5,0.3,Ml,Ripollès,Local,ICGC,53812
53811,2016-02-03,09:22:58.0,42.32 N,1.93 E,2,-0.4,Ml,Berguedà,Local,ICGC,53811
53808,2016-02-03,08:54:34.9,42.33 N,1.96 E,10,-0.4,Ml,Cerdanya,Local,ICGC,53808
53806,2016-02-02,18:26:42.9,41.85 N,2.65 E,4,0.4,Ml,Selva,Local,ICGC,53806
53746,2016-02-01,01:49:20.6,42.57 N,1.03 E,2,-0.3,Ml,Pallars Sobirà,Local,ICGC,53746
53745,2016-02-01,00:26:34.8,42.36 N,2.37 E,5,-0.7,Ml,Ripollès,Local,ICGC,53745
53743,2016-01-30,10:26:01.4,42.55 N,1.00 E,2,0.8,Ml,Pallars Sobirà,Local,ICGC,53743
53736,2016-01-30,02:40:46.0,42.29 N,1.90 E,0,-0.3,Ml,Berguedà,Local,ICGC,53736
53731,2016-01-30,01:07:45.3,42.63 N,3.08 E,0,0.1,Ml,Costa Pyrénées-Orientales,Local,ICGC,53731
53728,2016-01-28,23:13:35.9,42.35 N,1.27 E,0,0.4,Ml,Alt Urgell,Local,ICGC,53728
53722,2016-01-28,09:16:55.5,41.23 N,1.59 E,3,1.1,Ml,Baix Penedès,Local,ICGC,53722
53721,2016-01-28,01:35:26.3,42.29 N,2.57 E,4,0.6,Ml,Garrotxa,Local,ICGC,53721
53697,2016-01-28,01:13:16.1,42.35 N,2.33 E,4,0.8,Ml,Ripollès,Local,ICGC,53697
53676,2016-01-26,21:24:56.8,42.87 N,0.66 E,3,1.2,Ml,Haute-Garonne,Local,ICGC,53676
53708,2016-01-26,11:36:35.6,41.87 N,1.79 E,0,0.4,Ml,Bages,Local,ICGC,53708
53707,2016-01-26,08:52:01.4,41.69 N,2.86 E,1,0.3,Ml,Costa Selva,Local,ICGC,53707
53704,2016-01-26,03:24:22.9,41.46 N,2.49 E,0,0.1,Ml,Costa Maresme,Local,ICGC,53704
53701,2016-01-24,03:26:19.5,41.46 N,2.53 E,0,0.4,Ml,Costa Maresme,Local,ICGC,53701
53682,2016-01-24,01:13:33.5,41.74 N,2.48 E,9,-0.0,Ml,Vallès Oriental,Local,ICGC,53682
53681,2016-01-24,01:13:14.3,42.33 N,2.16 E,4,-0.3,Ml,Ripollès,Local,ICGC,53681
53673,2016-01-23,22:22:14.3,41.92 N,2.87 E,12,-0.2,Ml,Gironès,Local,ICGC,53673
53631,2016-01-23,03:25:25.2,42.81 N,2.85 E,4,1.7,Ml,Pyrénées-Orientales,Local,ICGC,53631
53654,2016-01-22,10:41:30.8,41.03 N,1.87 E,9,1.0,Ml,Mar Mediterrània - Balears,Local,ICGC,53654
53617,2016-01-20,06:02:25.6,42.58 N,2.13 E,9,-0.3,Ml,Pyrénées-Orientales,Local,ICGC,53617
53616,2016-01-20,02:54:02.4,41.79 N,2.56 E,9,-0.7,Ml,Selva,Local,ICGC,53616
53614,2016-01-19,16:58:28.5,41.85 N,2.66 E,4,0.3,Ml,Selva,Local,ICGC,53614
53612,2016-01-19,03:58:26.3,40.67 N,0.11 E,0,1.1,Ml,Castelló,Local,ICGC,53612
53611,2016-01-19,02:49:47.6,42.27 N,0.85 E,0,0.2,Ml,Pallars Jussà,Local,ICGC,53611
53552,2016-01-18,01:17:05.7,41.65 N,2.41 E,4,1.0,Ml,Vallès Oriental,Local,ICGC,53552
53597,2016-01-17,21:26:32.7,42.32 N,1.41 E,2,0.4,Ml,Alt Urgell,Local,ICGC,53597
53547,2016-01-17,13:34:32.6,42.98 N,0.13 E,4,1.2,Ml,Hautes-Pyrénées,Local,ICGC,53547
53596,2016-01-16,22:21:43.9,41.91 N,2.42 E,5,-0.2,Ml,Osona,Local,ICGC,53596
53587,2016-01-16,01:40:17.2,42.70 N,1.17 E,12,-0.3,Ml,Pallars Sobirà,Local,ICGC,53587
53586,2016-01-15,16:31:58.0,42.63 N,0.64 E,4,0.9,Ml,Huesca,Local,ICGC,53586
53582,2016-01-14,18:13:29.6,42.54 N,0.74 E,9,0.3,Ml,Alta Ribagorça,Local,ICGC,53582
53571,2016-01-13,08:31:02.4,41.01 N,1.63 E,1,0.8,Ml,Costa Baix Penedès,Local,ICGC,53571
53565,2016-01-11,21:12:22.8,42.71 N,1.07 E,7,-0.2,Ml,Pallars Sobirà,Local,ICGC,53565
53564,2016-01-11,20:40:56.0,41.25 N,1.66 E,0,0.8,Ml,Alt Penedès,Local,ICGC,53564
53511,2016-01-10,06:04:09.7,42.51 N,2.55 E,8,0.5,Ml,Pyrénées-Orientales,Local,ICGC,53511
53501,2016-01-09,10:55:41.5,42.70 N,2.31 E,4,1.3,Ml,Pyrénées-Orientales,Local,ICGC,53501
53482,2016-01-05,22:41:05.6,42.25 N,1.98 E,5,-0.5,Ml,Berguedà,Local,ICGC,53482
53429,2016-01-05,10:55:32.1,42.56 N,1.03 E,3,1.2,Ml,Pallars Sobirà,Local,ICGC,53429
53477,2016-01-05,08:59:11.6,42.41 N,2.13 E,5,0.1,Ml,Ripollès,Local,ICGC,53477
53476,2016-01-04,20:08:44.5,42.56 N,1.04 E,4,0.4,Ml,Pallars Sobirà,Local,ICGC,53476
53422,2016-01-04,18:49:05.0,42.18 N,3.17 E,1,1.2,Ml,Costa Alt Empordà,Local,ICGC,53422
53468,2016-01-03,21:11:08.2,42.56 N,0.45 E,0,1.4,Ml,Huesca,Local,ICGC,53468
53412,2016-01-03,20:59:51.2,42.56 N,0.45 E,4,2.6,Ml,Huesca,Local,ICGC,53412
53466,2016-01-03,00:35:29.8,42.25 N,2.32 E,2,-0.1,Ml,Ripollès,Local,ICGC,53466
53457,2016-01-02,16:35:11.0,42.48 N,1.13 E,8,-0.3,Ml,Pallars Sobirà,Local,ICGC,53457
53456,2016-01-02,07:29:46.3,40.90 N,1.69 E,3,0.9,Ml,Mar Mediterrània - Balears,Local,ICGC,53456
53453,2016-01-02,03:40:38.9,41.84 N,2.61 E,4,0.2,Ml,Selva,Local,ICGC,53453
53452,2016-01-02,00:26:40.8,42.62 N,0.66 E,1,-0.0,Ml,Huesca,Local,ICGC,53452
53451,2016-01-01,23:13:52.6,41.86 N,1.77 E,0,0.4,Ml,Bages,Local,ICGC,53451
53436,2015-12-31,06:58:12.1,42.24 N,1.68 E,0,0.5,Ml,Berguedà,Local,ICGC,53436
53432,2015-12-31,06:11:22.9,41.83 N,2.78 E,11,0.0,Ml,Selva,Local,ICGC,53432
53431,2015-12-31,03:30:07.2,42.58 N,0.88 E,7,-0.3,Ml,Alta Ribagorça,Local,ICGC,53431
53427,2015-12-29,23:45:17.4,42.85 N,1.23 E,5,-0.1,Ml,Ariège,Local,ICGC,53427
53382,2015-12-28,13:18:40.0,40.51 N,0.56 E,6,1.9,Ml,Costa Montsià,Local,ICGC,53382
53367,2015-12-28,07:16:56.6,40.85 N,1.45 E,16,2.4,Ml,Mar Mediterrània - Balears,Local,ICGC,53367
53403,2015-12-28,06:14:21.9,41.20 N,0.75 E,1,1.1,Ml,Priorat,Local,ICGC,53403
53402,2015-12-27,14:32:41.1,42.34 N,1.94 E,0,0.1,Ml,Cerdanya,Local,ICGC,53402
53400,2015-12-27,04:02:21.4,40.92 N,0.98 E,3,0.3,Ml,Costa Baix Camp,Local,ICGC,53400
53399,2015-12-27,03:49:48.7,42.25 N,1.70 E,0,0.4,Ml,Berguedà,Local,ICGC,53399
53398,2015-12-27,03:15:20.9,42.25 N,1.69 E,0,0.2,Ml,Berguedà,Local,ICGC,53398
53397,2015-12-27,01:40:48.2,42.77 N,2.13 E,4,0.3,Ml,Aude,Local,ICGC,53397
53391,2015-12-26,18:18:51.5,42.98 N,0.67 E,16,0.4,Ml,Haute-Garonne,Local,ICGC,53391
53388,2015-12-26,15:00:17.7,42.56 N,1.38 E,4,-0.7,Ml,Pallars Sobirà,Local,ICGC,53388
53387,2015-12-26,07:21:36.8,41.87 N,2.69 E,2,-0.3,Ml,Selva,Local,ICGC,53387
53362,2015-12-26,07:05:46.4,42.77 N,2.14 E,4,1.6,Ml,Aude,Local,ICGC,53362
53377,2015-12-25,03:07:30.2,42.42 N,2.25 E,10,0.1,Ml,Ripollès,Local,ICGC,53377
53376,2015-12-25,03:05:18.1,42.42 N,2.26 E,7,0.2,Ml,Ripollès,Local,ICGC,53376
53356,2015-12-23,13:10:15.8,42.98 N,0.21 E,4,1.6,Ml,Hautes-Pyrénées,Local,ICGC,53356
53372,2015-12-23,08:46:14.3,42.30 N,1.88 E,0,0.0,Ml,Berguedà,Local,ICGC,53372
53371,2015-12-23,00:08:37.3,41.85 N,2.88 E,11,0.1,Ml,Gironès,Local,ICGC,53371
53347,2015-12-22,16:53:07.7,42.59 N,0.89 E,11,0.0,Ml,Alta Ribagorça,Local,ICGC,53347
53346,2015-12-22,06:36:23.3,42.93 N,0.29 E,1,1.1,Ml,Hautes-Pyrénées,Local,ICGC,53346
53340,2015-12-21,22:20:16.4,42.26 N,1.34 E,0,0.0,Ml,Alt Urgell,Local,ICGC,53340
53339,2015-12-21,13:19:27.8,41.33 N,3.37 E,18,0.9,Ml,Mar Mediterrània - Menorca,Local,ICGC,53339
53338,2015-12-21,02:03:09.9,42.41 N,0.94 E,2,-0.3,Ml,Pallars Jussà,Local,ICGC,53338
53332,2015-12-20,20:46:53.9,42.40 N,1.54 E,7,-0.2,Ml,Alt Urgell,Local,ICGC,53332
53306,2015-12-20,18:14:35.4,42.67 N,0.55 E,4,0.8,Ml,Huesca,Local,ICGC,53306
53331,2015-12-20,01:30:15.9,42.56 N,1.38 E,6,-0.6,Ml,Pallars Sobirà,Local,ICGC,53331
53342,2015-12-19,21:23:32.4,42.42 N,2.35 E,1,-0.5,Ml,Pyrénées-Orientales,Local,ICGC,53342
53341,2015-12-19,18:47:55.0,41.84 N,2.64 E,8,-0.1,Ml,Selva,Local,ICGC,53341
53287,2015-12-18,09:11:32.1,42.97 N,0.27 E,2,1.2,Ml,Hautes-Pyrénées,Local,ICGC,53287
53284,2015-12-18,08:26:56.6,42.36 N,1.94 E,0,1.2,Ml,Cerdanya,Local,ICGC,53284
53258,2015-12-16,06:24:14.1,42.45 N,1.87 E,1,0.2,Ml,Cerdanya,Local,ICGC,53258
53257,2015-12-15,17:24:33.7,42.35 N,2.33 E,7,-0.0,Ml,Ripollès,Local,ICGC,53257
53264,2015-12-14,20:56:23.5,42.59 N,1.04 E,4,-0.9,Ml,Pallars Sobirà,Local,ICGC,53264
53262,2015-12-14,01:55:24.8,42.59 N,1.04 E,8,-0.5,Ml,Pallars Sobirà,Local,ICGC,53262
53291,2015-12-13,09:00:26.3,42.47 N,2.04 E,10,0.1,Ml,Pyrénées-Orientales,Local,ICGC,53291
53289,2015-12-13,05:33:43.6,42.96 N,0.16 E,0,0.3,Ml,Hautes-Pyrénées,Local,ICGC,53289
53288,2015-12-11,22:18:48.9,42.49 N,0.77 E,12,-0.4,Ml,Alta Ribagorça,Local,ICGC,53288
53227,2015-12-11,09:50:42.6,41.94 N,2.01 E,13,1.0,Ml,Bages,Local,ICGC,53227
53283,2015-12-11,06:52:18.3,42.84 N,0.45 E,0,0.7,Ml,Hautes-Pyrénées,Local,ICGC,53283
53282,2015-12-11,04:25:30.8,42.70 N,0.95 E,12,-0.0,Ml,Val d'Aran,Local,ICGC,53282
53281,2015-12-11,03:13:08.1,42.06 N,2.49 E,0,-0.0,Ml,Osona,Local,ICGC,53281
53226,2015-12-10,21:33:30.2,43.00 N,0.30 E,13,0.3,Ml,Hautes-Pyrénées,Local,ICGC,53226
53223,2015-12-10,11:06:17.9,42.57 N,1.24 E,13,0.2,Ml,Pallars Sobirà,Local,ICGC,53223
53222,2015-12-10,07:34:18.0,42.68 N,0.57 E,4,0.9,Ml,Huesca,Local,ICGC,53222
53221,2015-12-10,03:54:37.6,42.67 N,2.01 E,12,-0.0,Ml,Ariège,Local,ICGC,53221
53206,2015-12-08,01:57:50.5,42.60 N,0.91 E,0,-0.6,Ml,Alta Ribagorça,Local,ICGC,53206
53205,2015-12-08,01:42:32.8,42.61 N,0.91 E,0,-0.0,Ml,Val d'Aran,Local,ICGC,53205
53204,2015-12-07,21:10:20.2,42.61 N,0.91 E,2,-0.2,Ml,Val d'Aran,Local,ICGC,53204
53202,2015-12-07,01:29:29.8,42.54 N,1.46 E,8,-0.5,Ml,Andorra,Local,ICGC,53202
53201,2015-12-07,00:53:15.1,42.57 N,0.41 E,7,0.2,Ml,Huesca,Local,ICGC,53201
53188,2015-12-06,03:37:00.5,42.35 N,1.25 E,0,-0.3,Ml,Alt Urgell,Local,ICGC,53188
53187,2015-12-06,03:35:28.6,42.35 N,1.24 E,1,-0.6,Ml,Alt Urgell,Local,ICGC,53187
53186,2015-12-06,00:42:37.0,42.47 N,0.82 E,11,-0.2,Ml,Alta Ribagorça,Local,ICGC,53186
53184,2015-12-05,12:23:46.7,42.17 N,3.18 E,3,0.3,Ml,Costa Alt Empordà,Local,ICGC,53184
53177,2015-12-05,07:50:53.5,40.94 N,0.25 E,5,1.8,Ml,Teruel,Local,ICGC,53177
53156,2015-12-04,05:32:24.2,42.18 N,3.19 E,4,1.5,Ml,Costa Alt Empordà,Local,ICGC,53156
53165,2015-12-03,21:39:12.3,42.57 N,0.81 E,9,-0.4,Ml,Alta Ribagorça,Local,ICGC,53165
53164,2015-12-03,20:28:13.0,42.48 N,0.47 E,8,0.3,Ml,Huesca,Local,ICGC,53164
53162,2015-12-03,17:56:46.3,42.18 N,3.20 E,7,0.4,Ml,Costa Alt Empordà,Local,ICGC,53162
53146,2015-12-02,00:10:15.2,42.28 N,1.55 E,1,0.0,Ml,Alt Urgell,Local,ICGC,53146
53133,2015-12-01,18:52:26.5,42.18 N,1.54 E,0,0.8,Ml,Solsonès,Local,ICGC,53133
53128,2015-12-01,18:45:05.9,42.16 N,1.57 E,0,0.6,Ml,Solsonès,Local,ICGC,53128
53116,2015-11-30,14:59:52.8,42.58 N,0.96 E,9,-0.2,Ml,Alta Ribagorça,Local,ICGC,53116
53081,2015-11-30,05:56:11.7,41.85 N,2.76 E,4,1.5,Ml,Selva,Local,ICGC,53081
53076,2015-11-29,20:04:35.4,42.69 N,0.55 E,0,1.3,Ml,Huesca,Local,ICGC,53076
53109,2015-11-29,19:23:18.6,41.83 N,2.78 E,11,0.7,Ml,Selva,Local,ICGC,53109
53098,2015-11-28,17:49:38.3,42.50 N,1.12 E,9,0.1,Ml,Pallars Sobirà,Local,ICGC,53098
53099,2015-11-28,06:49:07.2,42.68 N,1.18 E,8,0.3,Ml,Pallars Sobirà,Local,ICGC,53099
53091,2015-11-27,22:18:09.0,42.75 N,1.68 E,4,0.5,Ml,Ariège,Local,ICGC,53091
53086,2015-11-27,21:07:49.5,42.18 N,3.18 E,4,0.4,Ml,Costa Alt Empordà,Local,ICGC,53086
52997,2015-11-25,08:38:52.3,42.37 N,1.78 E,3,0.9,Ml,Cerdanya,Local,ICGC,52997
53021,2015-11-25,00:39:39.5,42.17 N,3.18 E,5,0.7,Ml,Costa Alt Empordà,Local,ICGC,53021
53057,2015-11-23,20:48:56.6,41.70 N,2.64 E,2,0.1,Ml,Selva,Local,ICGC,53057
52936,2015-11-23,02:48:41.6,41.64 N,2.60 E,4,1.1,Ml,Maresme,Local,ICGC,52936
53052,2015-11-22,09:50:08.9,42.70 N,2.98 E,5,0.9,Ml,Pyrénées-Orientales,Local,ICGC,53052
53046,2015-11-22,04:12:56.8,42.58 N,0.95 E,5,0.2,Ml,Alta Ribagorça,Local,ICGC,53046
52938,2015-11-22,03:31:58.5,42.17 N,3.19 E,2,0.8,Ml,Costa Alt Empordà,Local,ICGC,52938
52976,2015-11-21,23:36:40.5,42.32 N,1.95 E,2,0.4,Ml,Cerdanya,Local,ICGC,52976
52991,2015-11-21,21:30:17.3,42.65 N,2.15 E,10,0.1,Ml,Pyrénées-Orientales,Local,ICGC,52991
53101,2015-11-20,08:10:27.9,42.37 N,1.78 E,3,0.1,Ml,Cerdanya,Local,ICGC,53101
52971,2015-11-20,00:47:42.7,42.99 N,0.15 E,0,0.3,Ml,Hautes-Pyrénées,Local,ICGC,52971
52917,2015-11-19,22:03:21.0,42.53 N,0.79 E,4,0.3,Ml,Alta Ribagorça,Local,ICGC,52917
53010,2015-11-19,22:00:46.8,42.53 N,0.77 E,5,-0.1,Ml,Alta Ribagorça,Local,ICGC,53010
53009,2015-11-19,21:35:33.9,41.94 N,1.79 E,15,0.1,Ml,Berguedà,Local,ICGC,53009
53062,2015-11-19,10:30:12.1,42.32 N,1.96 E,3,0.3,Ml,Cerdanya,Local,ICGC,53062
52961,2015-11-19,05:16:07.9,42.17 N,3.21 E,5,1.1,Ml,Costa Alt Empordà,Local,ICGC,52961
52902,2015-11-19,04:50:57.6,42.18 N,3.19 E,4,2.6,Ml,Costa Alt Empordà,Local,ICGC,52902
53061,2015-11-19,03:10:29.6,42.18 N,3.18 E,4,0.3,Ml,Costa Alt Empordà,Local,ICGC,53061
53060,2015-11-19,02:27:23.9,42.18 N,3.19 E,6,-0.1,Ml,Costa Alt Empordà,Local,ICGC,53060
53059,2015-11-19,02:26:17.6,42.32 N,1.97 E,0,-0.1,Ml,Ripollès,Local,ICGC,53059
52951,2015-11-19,00:22:53.0,42.32 N,1.95 E,1,0.4,Ml,Cerdanya,Local,ICGC,52951
52966,2015-11-19,00:08:52.6,42.33 N,1.95 E,3,0.2,Ml,Cerdanya,Local,ICGC,52966
52946,2015-11-18,23:43:40.9,42.33 N,1.96 E,1,0.7,Ml,Cerdanya,Local,ICGC,52946
53039,2015-11-18,23:37:13.0,42.32 N,1.96 E,1,0.3,Ml,Cerdanya,Local,ICGC,53039
52897,2015-11-18,23:36:01.5,42.32 N,1.95 E,1,0.6,Ml,Cerdanya,Local,ICGC,52897
52892,2015-11-18,23:04:31.5,42.32 N,1.95 E,1,1.1,Ml,Cerdanya,Local,ICGC,52892
53041,2015-11-18,23:03:33.8,42.37 N,1.96 E,0,-0.1,Ml,Cerdanya,Local,ICGC,53041
53037,2015-11-18,22:50:32.5,42.32 N,1.95 E,0,0.3,Ml,Cerdanya,Local,ICGC,53037
53036,2015-11-18,22:45:07.6,42.33 N,1.96 E,2,-0.1,Ml,Cerdanya,Local,ICGC,53036
53034,2015-11-18,20:08:49.3,42.32 N,1.95 E,0,0.3,Ml,Cerdanya,Local,ICGC,53034
53033,2015-11-18,13:36:45.8,42.32 N,1.96 E,2,-0.1,Ml,Cerdanya,Local,ICGC,53033
52876,2015-11-18,12:58:21.7,42.33 N,1.96 E,3,1.4,Ml,Ripollès,Local,ICGC,52876
52882,2015-11-18,12:52:31.3,42.33 N,1.96 E,5,2.2,Ml,Cerdanya,Local,ICGC,52882
53032,2015-11-18,12:35:59.1,42.32 N,1.95 E,2,0.9,Ml,Cerdanya,Local,ICGC,53032
53031,2015-11-18,12:26:01.2,42.32 N,1.95 E,1,1.9,Ml,Cerdanya,Local,ICGC,53031
52872,2015-11-18,12:25:32.7,42.33 N,1.96 E,3,1.8,Ml,Cerdanya,Local,ICGC,52872
52870,2015-11-18,12:24:54.2,42.33 N,1.96 E,0,1.3,Ml,Cerdanya,Local,ICGC,52870
53029,2015-11-18,12:15:23.6,42.32 N,1.95 E,2,1.7,Ml,Cerdanya,Local,ICGC,53029
52866,2015-11-18,12:14:25.7,42.33 N,1.96 E,3,1.9,Ml,Cerdanya,Local,ICGC,52866
52865,2015-11-18,12:13:45.1,42.33 N,1.95 E,2,1.2,Ml,Cerdanya,Local,ICGC,52865
52862,2015-11-18,12:11:02.7,42.33 N,1.96 E,3,1.2,Ml,Cerdanya,Local,ICGC,52862
53028,2015-11-18,12:02:13.6,42.33 N,1.95 E,1,0.6,Ml,Cerdanya,Local,ICGC,53028
53027,2015-11-18,11:53:13.2,42.32 N,1.95 E,1,0.6,Ml,Cerdanya,Local,ICGC,53027
53026,2015-11-18,11:44:03.1,42.32 N,1.96 E,1,0.5,Ml,Ripollès,Local,ICGC,53026
52856,2015-11-18,11:40:56.4,42.32 N,1.95 E,1,1.1,Ml,Cerdanya,Local,ICGC,52856
52854,2015-11-18,11:37:29.1,42.32 N,1.95 E,1,0.7,Ml,Cerdanya,Local,ICGC,52854
52926,2015-11-18,11:32:46.3,42.32 N,1.95 E,1,1.5,Ml,Cerdanya,Local,ICGC,52926
52849,2015-11-18,11:31:27.8,42.33 N,1.95 E,5,1.2,Ml,Cerdanya,Local,ICGC,52849
52873,2015-11-18,11:27:42.8,42.33 N,1.96 E,3,1.5,Ml,Cerdanya,Local,ICGC,52873
53002,2015-11-18,11:21:17.9,42.33 N,1.96 E,4,0.8,Ml,Ripollès,Local,ICGC,53002
52942,2015-11-18,11:15:49.6,42.33 N,1.96 E,8,1.2,Ml,Cerdanya,Local,ICGC,52942
52941,2015-11-18,11:14:12.8,42.32 N,1.95 E,1,1.3,Ml,Cerdanya,Local,ICGC,52941
52853,2015-11-18,11:10:00.6,42.33 N,1.95 E,6,3.0,Ml,Cerdanya,Local,ICGC,52853
52868,2015-11-18,11:06:24.3,42.32 N,1.95 E,0,1.4,Ml,Cerdanya,Local,ICGC,52868
52924,2015-11-18,10:58:46.4,42.32 N,1.95 E,0,0.6,Ml,Cerdanya,Local,ICGC,52924
52923,2015-11-18,03:48:26.9,42.47 N,2.23 E,5,0.2,Ml,Pyrénées-Orientales,Local,ICGC,52923
52881,2015-11-18,01:53:49.1,42.17 N,3.19 E,5,0.7,Ml,Costa Alt Empordà,Local,ICGC,52881
52922,2015-11-18,01:24:24.3,42.59 N,1.05 E,12,-0.6,Ml,Pallars Sobirà,Local,ICGC,52922
52921,2015-11-18,01:24:04.3,42.59 N,1.06 E,12,-0.6,Ml,Pallars Sobirà,Local,ICGC,52921
52822,2015-11-15,23:47:32.0,42.44 N,0.90 E,2,-0.2,Ml,Pallars Jussà,Local,ICGC,52822
52786,2015-11-15,23:34:18.0,40.93 N,0.95 E,0,1.2,Ml,Costa Baix Camp,Local,ICGC,52786
52821,2015-11-15,19:04:37.5,42.56 N,2.05 E,3,-0.2,Ml,Pyrénées-Orientales,Local,ICGC,52821
52816,2015-11-15,03:10:31.7,42.56 N,0.97 E,11,-0.8,Ml,Alta Ribagorça,Local,ICGC,52816
52782,2015-11-13,19:59:05.4,41.55 N,2.19 E,4,2.0,Ml,Vallès Occidental,Local,ICGC,52782
52808,2015-11-13,10:21:46.2,42.18 N,3.18 E,5,0.3,Ml,Costa Alt Empordà,Local,ICGC,52808
52806,2015-11-13,02:36:32.4,41.81 N,2.91 E,11,-0.3,Ml,Gironès,Local,ICGC,52806
52772,2015-11-12,20:37:02.2,42.17 N,3.17 E,5,-0.2,Ml,Costa Alt Empordà,Local,ICGC,52772
52771,2015-11-12,03:36:27.9,42.36 N,1.25 E,2,-0.3,Ml,Alt Urgell,Local,ICGC,52771
52751,2015-11-11,17:27:41.8,42.38 N,1.26 E,2,-0.7,Ml,Alt Urgell,Local,ICGC,52751
52776,2015-11-11,03:12:59.7,42.63 N,0.64 E,4,0.5,Ml,Huesca,Local,ICGC,52776
52748,2015-11-10,22:56:23.8,42.60 N,1.04 E,11,-0.7,Ml,Pallars Sobirà,Local,ICGC,52748
52681,2015-11-10,05:32:25.2,42.59 N,0.89 E,5,0.4,Ml,Alta Ribagorça,Local,ICGC,52681
52741,2015-11-10,00:17:48.0,42.30 N,2.24 E,5,-0.3,Ml,Ripollès,Local,ICGC,52741
52726,2015-11-09,17:30:53.1,42.47 N,1.80 E,0,-0.3,Ml,Cerdanya,Local,ICGC,52726
52722,2015-11-08,18:42:14.7,41.85 N,2.63 E,8,-0.3,Ml,Selva,Local,ICGC,52722
52617,2015-11-08,17:32:04.8,42.40 N,1.24 E,1,0.9,Ml,Pallars Sobirà,Local,ICGC,52617
52721,2015-11-08,13:44:53.5,42.35 N,1.37 E,0,-0.2,Ml,Alt Urgell,Local,ICGC,52721
52718,2015-11-08,08:14:59.8,42.46 N,1.03 E,5,-0.4,Ml,Pallars Sobirà,Local,ICGC,52718
52716,2015-11-08,06:57:53.5,42.46 N,1.02 E,5,-0.2,Ml,Pallars Jussà,Local,ICGC,52716
52696,2015-11-07,23:54:33.9,42.63 N,0.65 E,5,-0.0,Ml,Huesca,Local,ICGC,52696
52614,2015-11-07,21:22:28.5,41.80 N,3.09 E,5,1.0,Ml,Costa Baix Empordà,Local,ICGC,52614
52691,2015-11-07,17:15:36.5,42.42 N,1.37 E,4,-0.7,Ml,Alt Urgell,Local,ICGC,52691
52688,2015-11-07,09:14:18.0,42.42 N,1.37 E,0,-0.5,Ml,Alt Urgell,Local,ICGC,52688
52687,2015-11-07,00:26:47.7,41.82 N,2.66 E,1,-0.3,Ml,Selva,Local,ICGC,52687
52678,2015-11-06,20:18:04.6,42.38 N,1.11 E,2,-0.3,Ml,Pallars Sobirà,Local,ICGC,52678
52607,2015-11-06,14:47:55.5,41.84 N,2.94 E,11,0.6,Ml,Gironès,Local,ICGC,52607
52673,2015-11-06,08:15:09.7,42.52 N,0.99 E,6,-0.7,Ml,Pallars Jussà,Local,ICGC,52673
52668,2015-11-06,07:46:33.1,42.32 N,1.45 E,5,-0.2,Ml,Alt Urgell,Local,ICGC,52668
52557,2015-11-06,07:33:36.3,42.29 N,2.22 E,7,0.4,Ml,Ripollès,Local,ICGC,52557
52666,2015-11-06,01:04:21.5,42.31 N,1.46 E,5,-0.5,Ml,Alt Urgell,Local,ICGC,52666
52582,2015-11-05,19:24:08.2,42.33 N,1.44 E,2,-0.7,Ml,Alt Urgell,Local,ICGC,52582
52552,2015-11-05,19:06:20.9,42.17 N,3.18 E,4,0.7,Ml,Costa Alt Empordà,Local,ICGC,52552
52558,2015-11-05,02:44:02.9,42.17 N,3.18 E,4,0.6,Ml,Costa Alt Empordà,Local,ICGC,52558
52526,2015-11-04,11:18:25.8,42.78 N,1.99 E,6,0.8,Ml,Aude,Local,ICGC,52526
52524,2015-11-04,05:08:18.8,42.55 N,0.71 E,15,-0.1,Ml,Huesca,Local,ICGC,52524
52521,2015-11-04,03:59:48.2,42.91 N,0.90 E,0,0.7,Ml,Ariège,Local,ICGC,52521
52491,2015-11-03,01:01:48.4,42.26 N,1.64 E,18,0.1,Ml,Alt Urgell,Local,ICGC,52491
52485,2015-11-02,23:36:51.8,42.55 N,0.96 E,12,1.0,Ml,Alta Ribagorça,Local,ICGC,52485
52484,2015-11-02,23:24:22.7,41.82 N,2.79 E,11,0.5,Ml,Selva,Local,ICGC,52484
52483,2015-11-02,22:51:50.7,42.17 N,3.19 E,4,0.6,Ml,Costa Alt Empordà,Local,ICGC,52483
52482,2015-11-02,04:07:33.8,42.34 N,1.43 E,7,-0.3,Ml,Alt Urgell,Local,ICGC,52482
52478,2015-11-01,18:08:04.0,42.18 N,3.18 E,4,0.5,Ml,Costa Alt Empordà,Local,ICGC,52478
52450,2015-11-01,01:40:31.7,42.46 N,2.74 E,5,0.6,Ml,Pyrénées-Orientales,Local,ICGC,52450
52448,2015-11-01,01:13:58.7,42.47 N,2.75 E,10,0.6,Ml,Pyrénées-Orientales,Local,ICGC,52448
52446,2015-11-01,00:39:46.5,42.18 N,3.16 E,5,1.9,Ml,Costa Alt Empordà,Local,ICGC,52446
52474,2015-10-31,21:19:50.5,42.18 N,3.19 E,5,0.7,Ml,Costa Alt Empordà,Local,ICGC,52474
52441,2015-10-31,20:18:01.1,42.17 N,3.17 E,6,1.0,Ml,Costa Alt Empordà,Local,ICGC,52441
52472,2015-10-31,16:17:16.1,42.18 N,3.18 E,4,0.7,Ml,Costa Alt Empordà,Local,ICGC,52472
52471,2015-10-31,04:04:04.4,41.99 N,2.56 E,4,-0.3,Ml,Selva,Local,ICGC,52471
52468,2015-10-31,03:50:18.8,42.70 N,1.07 E,11,-0.1,Ml,Pallars Sobirà,Local,ICGC,52468
52467,2015-10-31,03:47:28.4,42.62 N,0.89 E,12,0.5,Ml,Alta Ribagorça,Local,ICGC,52467
52466,2015-10-30,08:34:33.0,42.17 N,3.18 E,5,0.6,Ml,Costa Alt Empordà,Local,ICGC,52466
52337,2015-10-30,07:17:23.9,42.17 N,3.17 E,5,1.7,Ml,Costa Alt Empordà,Local,ICGC,52337
52332,2015-10-30,04:15:10.0,42.17 N,3.17 E,5,1.8,Ml,Costa Alt Empordà,Local,ICGC,52332
52326,2015-10-29,23:04:24.7,42.18 N,3.18 E,7,1.4,Ml,Costa Alt Empordà,Local,ICGC,52326
52409,2015-10-29,21:43:22.8,42.18 N,3.18 E,4,0.4,Ml,Costa Alt Empordà,Local,ICGC,52409
52357,2015-10-29,06:27:23.3,42.18 N,3.17 E,4,0.1,Ml,Costa Alt Empordà,Local,ICGC,52357
52356,2015-10-29,06:25:50.9,42.18 N,3.17 E,4,0.6,Ml,Costa Alt Empordà,Local,ICGC,52356
52351,2015-10-29,05:55:31.1,42.19 N,3.18 E,5,-0.2,Ml,Costa Alt Empordà,Local,ICGC,52351
52273,2015-10-29,04:34:25.0,42.18 N,3.17 E,9,1.2,Ml,Costa Alt Empordà,Local,ICGC,52273
52348,2015-10-29,02:10:17.2,42.17 N,3.19 E,4,0.2,Ml,Costa Alt Empordà,Local,ICGC,52348
52272,2015-10-29,02:00:05.2,42.18 N,3.19 E,11,0.7,Ml,Costa Alt Empordà,Local,ICGC,52272
52347,2015-10-29,01:50:29.1,42.17 N,3.18 E,3,0.2,Ml,Costa Alt Empordà,Local,ICGC,52347
52346,2015-10-29,01:03:44.1,42.17 N,3.18 E,4,0.7,Ml,Costa Alt Empordà,Local,ICGC,52346
52349,2015-10-29,00:54:08.6,42.17 N,3.18 E,4,0.2,Ml,Costa Alt Empordà,Local,ICGC,52349
52296,2015-10-29,00:52:06.9,42.16 N,3.17 E,5,0.6,Ml,Costa Alt Empordà,Local,ICGC,52296
52271,2015-10-29,00:51:12.7,42.18 N,3.18 E,6,1.1,Ml,Costa Alt Empordà,Local,ICGC,52271
52341,2015-10-29,00:45:01.1,42.17 N,3.19 E,3,1.0,Ml,Costa Alt Empordà,Local,ICGC,52341
74284,2015-10-29,00:40:12.2,42.17 N,3.20 E,4,1.2,Ml,Costa Alt Empordà,Local,ICGC,74284
52266,2015-10-29,00:37:47.6,42.18 N,3.16 E,10,4.3,Ml,Costa Alt Empordà,Local,ICGC,52266
52312,2015-10-28,22:29:36.6,42.71 N,2.11 E,10,0.5,Ml,Ariège,Local,ICGC,52312
52306,2015-10-28,06:04:06.1,42.62 N,0.65 E,8,0.2,Ml,Huesca,Local,ICGC,52306
52232,2015-10-27,15:50:36.1,42.67 N,2.24 E,9,0.9,Ml,Pyrénées-Orientales,Local,ICGC,52232
52222,2015-10-26,19:25:28.2,41.78 N,2.76 E,9,0.5,Ml,Selva,Local,ICGC,52222
52221,2015-10-26,16:07:48.6,42.19 N,2.12 E,3,0.2,Ml,Ripollès,Local,ICGC,52221
52192,2015-10-26,04:10:39.4,40.55 N,0.14 E,8,2.0,Ml,Castelló,Local,ICGC,52192
52202,2015-10-25,00:27:34.7,42.53 N,0.98 E,7,-0.6,Ml,Pallars Jussà,Local,ICGC,52202
52201,2015-10-25,00:01:55.7,41.82 N,2.64 E,8,-0.4,Ml,Selva,Local,ICGC,52201
52196,2015-10-24,11:00:31.0,42.57 N,1.06 E,2,-0.1,Ml,Pallars Sobirà,Local,ICGC,52196
52176,2015-10-24,01:28:50.3,41.91 N,2.09 E,15,0.4,Ml,Osona,Local,ICGC,52176
52146,2015-10-22,22:50:15.5,42.71 N,0.12 E,0,1.5,Ml,Huesca,Local,ICGC,52146
52156,2015-10-22,20:08:10.2,42.65 N,0.73 E,10,0.4,Ml,Val d'Aran,Local,ICGC,52156
52152,2015-10-22,16:49:08.8,42.77 N,2.13 E,8,0.6,Ml,Aude,Local,ICGC,52152
52151,2015-10-22,13:05:17.0,42.55 N,1.13 E,14,-0.5,Ml,Pallars Sobirà,Local,ICGC,52151
52127,2015-10-21,19:05:23.7,42.67 N,0.59 E,5,0.8,Ml,Huesca,Local,ICGC,52127
52082,2015-10-19,14:54:18.7,42.49 N,1.03 E,5,-0.5,Ml,Pallars Sobirà,Local,ICGC,52082
52048,2015-10-19,00:46:18.5,42.30 N,2.23 E,7,0.5,Ml,Ripollès,Local,ICGC,52048
52041,2015-10-19,00:16:27.5,42.35 N,2.10 E,6,0.2,Ml,Ripollès,Local,ICGC,52041
52036,2015-10-18,22:10:19.1,40.90 N,1.00 E,5,1.2,Ml,Costa Baix Camp,Local,ICGC,52036
52071,2015-10-18,15:48:45.7,40.92 N,0.96 E,7,1.1,Ml,Costa Baix Camp,Local,ICGC,52071
52070,2015-10-18,11:26:15.9,42.38 N,1.93 E,8,0.3,Ml,Cerdanya,Local,ICGC,52070
52068,2015-10-18,06:23:06.9,40.86 N,1.01 E,15,0.8,Ml,Costa Baix Camp,Local,ICGC,52068
52067,2015-10-18,06:12:06.0,42.22 N,1.39 E,0,-0.2,Ml,Alt Urgell,Local,ICGC,52067
52066,2015-10-18,00:19:59.3,42.66 N,0.65 E,4,0.2,Ml,Huesca,Local,ICGC,52066
52061,2015-10-17,19:56:32.0,42.60 N,0.90 E,0,-0.3,Ml,Alta Ribagorça,Local,ICGC,52061
52057,2015-10-17,18:18:30.9,40.83 N,1.20 E,9,1.1,Ml,Mar Mediterrània - Balears,Local,ICGC,52057
52056,2015-10-17,16:10:11.6,42.29 N,1.21 E,17,-0.5,Ml,Alt Urgell,Local,ICGC,52056
52034,2015-10-17,06:40:25.8,42.04 N,2.55 E,4,0.5,Ml,Selva,Local,ICGC,52034
52012,2015-10-15,22:53:13.8,42.62 N,2.33 E,4,0.4,Ml,Pyrénées-Orientales,Local,ICGC,52012
51993,2015-10-15,06:51:58.7,42.99 N,0.22 E,5,1.4,Ml,Hautes-Pyrénées,Local,ICGC,51993
52008,2015-10-15,01:37:01.6,41.47 N,2.87 E,7,1.1,Ml,Mar Mediterrània - Balears,Local,ICGC,52008
51991,2015-10-14,00:22:30.6,42.35 N,1.12 E,7,-0.3,Ml,Pallars Sobirà,Local,ICGC,51991
51973,2015-10-13,23:40:26.7,40.90 N,1.03 E,10,1.2,Ml,Costa Baix Camp,Local,ICGC,51973
51962,2015-10-13,20:11:42.1,42.55 N,1.96 E,8,2.0,Ml,Pyrénées-Orientales,Local,ICGC,51962
51971,2015-10-13,15:08:52.8,42.61 N,0.64 E,7,0.5,Ml,Huesca,Local,ICGC,51971
51921,2015-10-13,04:58:51.1,40.91 N,0.96 E,0,1.5,Ml,Costa Baix Camp,Local,ICGC,51921
51967,2015-10-13,04:51:20.0,42.85 N,2.26 E,11,0.5,Ml,Aude,Local,ICGC,51967
51916,2015-10-13,01:51:34.7,42.37 N,1.95 E,7,0.4,Ml,Cerdanya,Local,ICGC,51916
51966,2015-10-13,01:47:03.3,42.36 N,1.93 E,7,0.4,Ml,Cerdanya,Local,ICGC,51966
51957,2015-10-12,07:13:24.6,40.90 N,1.00 E,1,1.3,Ml,Costa Baix Camp,Local,ICGC,51957
51955,2015-10-12,01:41:52.1,41.83 N,2.80 E,14,0.3,Ml,Selva,Local,ICGC,51955
51954,2015-10-11,23:54:07.3,42.62 N,0.85 E,4,-0.0,Ml,Alta Ribagorça,Local,ICGC,51954
51951,2015-10-11,02:08:47.0,42.08 N,1.45 E,9,0.0,Ml,Solsonès,Local,ICGC,51951
51950,2015-10-11,01:45:21.7,42.63 N,0.65 E,3,0.5,Ml,Huesca,Local,ICGC,51950
51947,2015-10-11,00:54:39.4,42.62 N,0.60 E,5,0.1,Ml,Huesca,Local,ICGC,51947
51946,2015-10-11,00:36:11.6,42.62 N,0.62 E,2,0.2,Ml,Huesca,Local,ICGC,51946
51912,2015-10-11,00:08:50.1,42.63 N,0.64 E,6,0.6,Ml,Huesca,Local,ICGC,51912
51943,2015-10-10,19:19:47.2,42.08 N,1.45 E,3,0.4,Ml,Solsonès,Local,ICGC,51943
51942,2015-10-10,18:12:08.2,42.04 N,1.45 E,3,0.3,Ml,Solsonès,Local,ICGC,51942
51941,2015-10-10,18:11:13.7,42.03 N,1.50 E,3,0.1,Ml,Solsonès,Local,ICGC,51941
51940,2015-10-10,17:15:09.1,42.08 N,1.45 E,6,0.1,Ml,Solsonès,Local,ICGC,51940
51939,2015-10-10,17:10:46.5,42.07 N,1.43 E,7,0.2,Ml,Solsonès,Local,ICGC,51939
51938,2015-10-10,16:56:37.8,42.09 N,1.45 E,7,0.2,Ml,Solsonès,Local,ICGC,51938
51936,2015-10-10,10:01:38.1,42.54 N,0.64 E,2,0.2,Ml,Huesca,Local,ICGC,51936
51935,2015-10-10,03:02:38.9,42.21 N,1.12 E,0,-0.3,Ml,Pallars Jussà,Local,ICGC,51935
51934,2015-10-09,22:00:09.9,42.48 N,0.91 E,5,-0.4,Ml,Pallars Jussà,Local,ICGC,51934
51933,2015-10-09,19:47:41.5,42.69 N,0.64 E,4,0.2,Ml,Huesca,Local,ICGC,51933
51930,2015-10-09,15:07:46.6,42.61 N,0.90 E,0,-0.2,Ml,Alta Ribagorça,Local,ICGC,51930
51929,2015-10-09,02:48:10.1,42.63 N,0.60 E,2,0.4,Ml,Huesca,Local,ICGC,51929
51928,2015-10-09,01:55:14.9,42.64 N,0.67 E,0,0.3,Ml,Huesca,Local,ICGC,51928
51881,2015-10-08,22:17:12.8,42.64 N,0.64 E,4,0.4,Ml,Huesca,Local,ICGC,51881
51878,2015-10-08,19:34:30.5,42.64 N,0.64 E,5,0.4,Ml,Huesca,Local,ICGC,51878
51877,2015-10-08,05:08:45.7,42.65 N,0.61 E,4,-0.0,Ml,Huesca,Local,ICGC,51877
51876,2015-10-08,03:27:00.6,42.60 N,0.55 E,4,0.2,Ml,Huesca,Local,ICGC,51876
51852,2015-10-08,02:15:47.6,42.63 N,0.64 E,4,1.1,Ml,Huesca,Local,ICGC,51852
51871,2015-10-08,01:41:42.6,42.65 N,0.63 E,4,0.6,Ml,Huesca,Local,ICGC,51871
51847,2015-10-07,22:54:37.3,42.62 N,0.63 E,4,0.7,Ml,Huesca,Local,ICGC,51847
51856,2015-10-07,22:10:47.4,42.64 N,0.64 E,4,0.5,Ml,Huesca,Local,ICGC,51856
51855,2015-10-07,22:07:23.3,42.63 N,0.64 E,6,0.6,Ml,Huesca,Local,ICGC,51855
51854,2015-10-07,21:16:07.9,42.93 N,0.19 E,0,0.8,Ml,Hautes-Pyrénées,Local,ICGC,51854
51841,2015-10-07,20:52:40.7,41.81 N,2.51 E,5,1.1,Ml,Selva,Local,ICGC,51841
51853,2015-10-07,01:19:54.3,43.00 N,0.18 E,10,0.8,Ml,Hautes-Pyrénées,Local,ICGC,51853
51829,2015-10-06,17:08:57.6,41.83 N,2.78 E,10,0.2,Ml,Selva,Local,ICGC,51829
51828,2015-10-06,08:12:12.8,42.97 N,0.20 E,7,0.7,Ml,Hautes-Pyrénées,Local,ICGC,51828
51827,2015-10-06,04:14:25.5,42.66 N,0.57 E,11,0.5,Ml,Huesca,Local,ICGC,51827
51825,2015-10-06,01:32:23.5,42.63 N,0.64 E,4,0.5,Ml,Huesca,Local,ICGC,51825
51824,2015-10-06,00:36:17.8,42.65 N,0.64 E,5,0.4,Ml,Huesca,Local,ICGC,51824
51823,2015-10-06,00:28:26.1,42.65 N,0.64 E,14,0.5,Ml,Huesca,Local,ICGC,51823
51822,2015-10-06,00:22:38.2,42.59 N,0.89 E,9,-0.4,Ml,Alta Ribagorça,Local,ICGC,51822
51821,2015-10-06,00:18:39.7,42.96 N,0.01 E,4,1.0,Ml,Hautes-Pyrénées,Local,ICGC,51821
51816,2015-10-05,03:56:15.5,42.98 N,0.16 E,0,0.3,Ml,Hautes-Pyrénées,Local,ICGC,51816
51776,2015-10-04,20:00:41.6,42.53 N,1.12 E,7,0.4,Ml,Pallars Sobirà,Local,ICGC,51776
51801,2015-10-04,16:38:51.8,41.09 N,3.06 E,24,0.9,Ml,Mar Mediterrània - Menorca,Local,ICGC,51801
51771,2015-10-04,12:44:19.1,42.07 N,2.56 E,5,1.5,Ml,Garrotxa,Local,ICGC,51771
51797,2015-10-04,06:25:21.5,42.59 N,0.64 E,3,0.0,Ml,Huesca,Local,ICGC,51797
51768,2015-10-03,18:50:31.0,42.72 N,1.62 E,5,1.7,Ml,Ariège,Local,ICGC,51768
51796,2015-10-03,17:46:34.5,41.76 N,2.77 E,11,0.7,Ml,Selva,Local,ICGC,51796
51766,2015-10-03,17:43:36.6,41.78 N,2.76 E,9,1.2,Ml,Selva,Local,ICGC,51766
51791,2015-10-03,17:31:13.9,42.40 N,2.40 E,10,0.2,Ml,Pyrénées-Orientales,Local,ICGC,51791
51790,2015-10-03,12:26:27.8,42.61 N,0.23 E,4,1.0,Ml,Huesca,Local,ICGC,51790
51788,2015-10-03,05:49:14.7,41.75 N,3.11 E,8,0.5,Ml,Costa Baix Empordà,Local,ICGC,51788
51787,2015-10-02,23:00:59.8,42.36 N,2.18 E,10,0.0,Ml,Ripollès,Local,ICGC,51787
51786,2015-10-02,12:15:30.7,42.61 N,0.62 E,2,0.1,Ml,Huesca,Local,ICGC,51786
51754,2015-10-01,21:38:20.4,42.62 N,0.64 E,15,-0.1,Ml,Huesca,Local,ICGC,51754
51753,2015-10-01,18:30:34.7,42.64 N,0.63 E,12,0.2,Ml,Huesca,Local,ICGC,51753
51752,2015-10-01,11:51:54.5,42.64 N,0.63 E,14,0.4,Ml,Huesca,Local,ICGC,51752
51751,2015-10-01,08:42:53.0,42.66 N,0.64 E,15,0.6,Ml,Huesca,Local,ICGC,51751
51746,2015-09-30,19:41:22.2,41.82 N,2.65 E,5,1.0,Ml,Selva,Local,ICGC,51746
51672,2015-09-29,03:37:21.9,42.47 N,1.03 E,7,0.1,Ml,Pallars Sobirà,Local,ICGC,51672
51731,2015-09-28,20:27:47.2,42.75 N,1.65 E,4,-0.3,Ml,Ariège,Local,ICGC,51731
51727,2015-09-28,15:05:48.7,42.36 N,3.22 E,7,-0.2,Ml,Costa Alt Empordà,Local,ICGC,51727
51726,2015-09-28,13:22:29.5,42.38 N,3.23 E,5,-0.1,Ml,Costa Alt Empordà,Local,ICGC,51726
51662,2015-09-28,12:12:42.3,42.37 N,3.23 E,4,2.9,Ml,Costa Alt Empordà,Local,ICGC,51662
51721,2015-09-28,03:27:25.9,42.62 N,0.64 E,3,-0.0,Ml,Huesca,Local,ICGC,51721
51642,2015-09-27,13:07:14.8,42.97 N,0.27 E,4,1.2,Ml,Hautes-Pyrénées,Local,ICGC,51642
51636,2015-09-26,23:39:16.5,42.68 N,2.04 E,5,0.8,Ml,Ariège,Local,ICGC,51636
51696,2015-09-26,23:15:23.5,42.75 N,0.91 E,9,0.3,Ml,Val d'Aran,Local,ICGC,51696
51683,2015-09-26,15:23:59.1,41.77 N,3.03 E,2,0.5,Ml,Costa Baix Empordà,Local,ICGC,51683
51681,2015-09-26,06:40:15.7,42.55 N,0.97 E,10,-0.8,Ml,Pallars Jussà,Local,ICGC,51681
51616,2015-09-24,08:42:09.4,42.34 N,1.93 E,5,0.5,Ml,Cerdanya,Local,ICGC,51616
51651,2015-09-24,00:22:30.2,42.56 N,1.73 E,6,-0.6,Ml,Andorra,Local,ICGC,51651
51649,2015-09-23,22:47:10.5,42.62 N,0.97 E,2,-0.6,Ml,Pallars Sobirà,Local,ICGC,51649
51606,2015-09-22,21:23:38.3,42.73 N,2.07 E,4,0.2,Ml,Ariège,Local,ICGC,51606
51578,2015-09-20,03:02:36.0,42.45 N,1.10 E,10,-0.8,Ml,Pallars Sobirà,Local,ICGC,51578
51576,2015-09-20,00:42:30.0,42.27 N,1.60 E,10,-0.5,Ml,Alt Urgell,Local,ICGC,51576
51566,2015-09-18,00:11:15.8,42.22 N,2.10 E,7,-0.1,Ml,Ripollès,Local,ICGC,51566
51442,2015-09-14,20:41:45.1,43.00 N,0.19 E,4,1.3,Ml,Hautes-Pyrénées,Local,ICGC,51442
51501,2015-09-14,06:33:46.7,42.59 N,0.89 E,10,-0.4,Ml,Alta Ribagorça,Local,ICGC,51501
51496,2015-09-13,18:11:54.4,42.55 N,1.39 E,11,-0.7,Ml,Pallars Sobirà,Local,ICGC,51496
51417,2015-09-13,17:03:23.4,42.23 N,2.10 E,4,0.8,Ml,Ripollès,Local,ICGC,51417
51473,2015-09-13,05:19:39.1,42.35 N,1.31 E,0,-0.2,Ml,Alt Urgell,Local,ICGC,51473
51472,2015-09-13,04:30:58.6,42.35 N,1.30 E,3,-0.4,Ml,Alt Urgell,Local,ICGC,51472
51468,2015-09-12,08:21:52.1,42.42 N,1.09 E,3,-0.3,Ml,Pallars Sobirà,Local,ICGC,51468
51462,2015-09-11,18:44:04.2,42.42 N,1.10 E,4,0.1,Ml,Pallars Sobirà,Local,ICGC,51462
51461,2015-09-11,17:08:17.3,42.61 N,0.74 E,12,0.4,Ml,Huesca,Local,ICGC,51461
51451,2015-09-11,01:09:51.8,42.29 N,2.41 E,3,-0.4,Ml,Ripollès,Local,ICGC,51451
51394,2015-09-10,12:25:32.0,40.91 N,0.97 E,5,1.6,Ml,Costa Baix Camp,Local,ICGC,51394
51392,2015-09-10,12:09:31.3,40.90 N,0.97 E,5,1.9,Ml,Costa Baix Camp,Local,ICGC,51392
51446,2015-09-10,08:46:17.7,42.73 N,0.54 E,7,0.2,Ml,Haute-Garonne,Local,ICGC,51446
51435,2015-09-10,04:30:54.5,42.77 N,0.83 E,4,0.2,Ml,Val d'Aran,Local,ICGC,51435
51434,2015-09-10,04:03:21.3,42.74 N,1.99 E,5,-0.3,Ml,Aude,Local,ICGC,51434
51432,2015-09-10,01:52:23.5,42.25 N,1.77 E,3,-0.1,Ml,Berguedà,Local,ICGC,51432
51431,2015-09-10,01:36:07.5,42.27 N,1.52 E,2,-0.4,Ml,Alt Urgell,Local,ICGC,51431
51421,2015-09-10,01:34:42.3,42.28 N,1.51 E,2,-0.2,Ml,Alt Urgell,Local,ICGC,51421
51381,2015-09-09,22:08:33.9,42.64 N,0.78 E,8,-0.1,Ml,Val d'Aran,Local,ICGC,51381
51377,2015-09-09,21:24:43.9,42.77 N,2.56 E,5,0.4,Ml,Pyrénées-Orientales,Local,ICGC,51377
51374,2015-09-09,18:43:23.1,42.35 N,2.10 E,3,0.8,Ml,Ripollès,Local,ICGC,51374
51376,2015-09-09,08:35:53.1,42.60 N,1.02 E,4,-0.4,Ml,Pallars Sobirà,Local,ICGC,51376
51341,2015-09-09,07:12:52.6,42.33 N,2.35 E,3,0.7,Ml,Ripollès,Local,ICGC,51341
51306,2015-09-07,21:02:00.1,42.54 N,0.90 E,9,-0.6,Ml,Alta Ribagorça,Local,ICGC,51306
51296,2015-09-07,03:02:30.5,42.16 N,1.56 E,0,0.5,Ml,Solsonès,Local,ICGC,51296
51282,2015-09-06,22:57:30.4,40.92 N,0.96 E,0,1.1,Ml,Costa Baix Camp,Local,ICGC,51282
51281,2015-09-06,17:15:01.3,42.92 N,0.08 E,4,1.0,Ml,Hautes-Pyrénées,Local,ICGC,51281
51277,2015-09-05,12:38:46.9,40.97 N,1.71 E,4,0.8,Ml,Mar Mediterrània - Balears,Local,ICGC,51277
51276,2015-09-04,20:30:07.7,41.99 N,2.57 E,4,0.1,Ml,Selva,Local,ICGC,51276
51255,2015-09-04,11:21:37.8,42.55 N,2.28 E,4,0.8,Ml,Pyrénées-Orientales,Local,ICGC,51255
51274,2015-09-04,11:15:51.0,42.55 N,2.28 E,8,0.0,Ml,Pyrénées-Orientales,Local,ICGC,51274
51251,2015-09-04,10:11:47.2,42.55 N,2.29 E,5,1.1,Ml,Pyrénées-Orientales,Local,ICGC,51251
51238,2015-09-04,07:12:59.0,42.56 N,2.28 E,5,0.9,Ml,Pyrénées-Orientales,Local,ICGC,51238
51481,2015-09-04,06:07:17.1,42.55 N,2.28 E,6,-0.2,Ml,Pyrénées-Orientales,Local,ICGC,51481
51270,2015-09-04,03:42:37.6,42.55 N,2.28 E,5,0.3,Ml,Pyrénées-Orientales,Local,ICGC,51270
51269,2015-09-04,03:39:57.8,42.56 N,2.29 E,9,-0.2,Ml,Pyrénées-Orientales,Local,ICGC,51269
51268,2015-09-04,03:25:35.3,42.55 N,2.28 E,6,0.0,Ml,Pyrénées-Orientales,Local,ICGC,51268
51267,2015-09-04,02:11:23.5,42.55 N,2.28 E,6,-0.2,Ml,Pyrénées-Orientales,Local,ICGC,51267
51266,2015-09-04,01:10:25.6,42.97 N,0.14 E,4,1.1,Ml,Hautes-Pyrénées,Local,ICGC,51266
51254,2015-09-03,22:32:27.1,42.56 N,2.28 E,7,-0.3,Ml,Pyrénées-Orientales,Local,ICGC,51254
51243,2015-09-03,20:50:44.3,41.95 N,2.03 E,15,0.2,Ml,Bages,Local,ICGC,51243
51253,2015-09-03,18:23:11.7,41.94 N,2.03 E,14,-0.2,Ml,Osona,Local,ICGC,51253
51226,2015-09-02,03:16:04.2,41.50 N,2.83 E,0,0.6,Ml,Costa Maresme,Local,ICGC,51226
51202,2015-09-01,22:15:49.5,41.79 N,2.95 E,4,0.7,Ml,Gironès,Local,ICGC,51202
51166,2015-08-30,13:25:44.2,42.88 N,1.50 E,19,0.5,Ml,Ariège,Local,ICGC,51166
51162,2015-08-30,03:25:39.4,42.34 N,2.97 E,4,0.6,Ml,Alt Empordà,Local,ICGC,51162
51159,2015-08-29,23:55:16.2,42.35 N,0.99 E,1,-0.7,Ml,Pallars Jussà,Local,ICGC,51159
51158,2015-08-29,21:37:03.9,42.67 N,2.19 E,6,0.4,Ml,Aude,Local,ICGC,51158
51114,2015-08-27,04:32:31.7,41.67 N,2.40 E,1,0.9,Ml,Vallès Oriental,Local,ICGC,51114
51123,2015-08-26,21:41:53.3,41.74 N,2.81 E,4,0.4,Ml,Selva,Local,ICGC,51123
51122,2015-08-26,21:41:30.7,41.82 N,2.76 E,9,-0.0,Ml,Selva,Local,ICGC,51122
51121,2015-08-26,21:32:05.1,41.83 N,3.00 E,10,0.2,Ml,Baix Empordà,Local,ICGC,51121
51116,2015-08-26,18:09:33.9,42.57 N,2.13 E,9,-0.1,Ml,Pyrénées-Orientales,Local,ICGC,51116
51096,2015-08-26,08:02:06.4,42.91 N,0.68 E,5,0.3,Ml,Haute-Garonne,Local,ICGC,51096
51083,2015-08-26,06:04:31.4,41.83 N,3.01 E,10,0.6,Ml,Baix Empordà,Local,ICGC,51083
51090,2015-08-25,20:37:45.4,41.85 N,2.63 E,9,0.1,Ml,Selva,Local,ICGC,51090
51089,2015-08-25,18:30:13.2,41.83 N,2.73 E,10,0.4,Ml,Selva,Local,ICGC,51089
51087,2015-08-25,12:33:22.3,42.99 N,0.04 E,5,0.9,Ml,Hautes-Pyrénées,Local,ICGC,51087
51066,2015-08-24,23:16:45.0,42.38 N,1.25 E,6,-0.5,Ml,Alt Urgell,Local,ICGC,51066
51033,2015-08-23,23:05:30.1,42.33 N,2.16 E,3,0.1,Ml,Ripollès,Local,ICGC,51033
51032,2015-08-23,18:21:41.9,41.67 N,2.39 E,1,0.5,Ml,Vallès Oriental,Local,ICGC,51032
51031,2015-08-23,12:49:41.5,42.85 N,1.15 E,11,0.6,Ml,Ariège,Local,ICGC,51031
51036,2015-08-22,10:45:58.8,42.33 N,2.16 E,3,-0.2,Ml,Ripollès,Local,ICGC,51036
51026,2015-08-22,03:13:01.7,42.13 N,2.53 E,9,0.1,Ml,Garrotxa,Local,ICGC,51026
51021,2015-08-22,00:28:19.0,42.75 N,2.52 E,11,0.3,Ml,Pyrénées-Orientales,Local,ICGC,51021
50991,2015-08-21,03:54:35.2,41.64 N,2.23 E,5,0.6,Ml,Vallès Oriental,Local,ICGC,50991
51016,2015-08-21,02:10:58.2,42.48 N,1.12 E,9,-0.1,Ml,Pallars Sobirà,Local,ICGC,51016
50997,2015-08-20,22:10:58.7,42.23 N,2.52 E,3,0.1,Ml,Garrotxa,Local,ICGC,50997
50977,2015-08-19,23:17:05.2,41.84 N,2.63 E,6,-0.8,Ml,Selva,Local,ICGC,50977
50967,2015-08-19,17:50:36.6,42.62 N,2.27 E,5,1.4,Ml,Pyrénées-Orientales,Local,ICGC,50967
50976,2015-08-19,02:07:25.8,42.19 N,1.93 E,2,-0.5,Ml,Berguedà,Local,ICGC,50976
50937,2015-08-18,22:19:49.0,42.66 N,0.63 E,8,0.2,Ml,Huesca,Local,ICGC,50937
50936,2015-08-18,16:50:21.9,40.67 N,0.08 E,9,1.4,Ml,Castelló,Local,ICGC,50936
50931,2015-08-18,03:21:51.0,42.93 N,0.03 E,9,0.7,Ml,Hautes-Pyrénées,Local,ICGC,50931
50926,2015-08-17,11:44:39.4,42.78 N,0.90 E,10,1.1,Ml,Val d'Aran,Local,ICGC,50926
50916,2015-08-16,16:04:47.9,41.85 N,2.63 E,8,0.0,Ml,Selva,Local,ICGC,50916
50912,2015-08-16,05:07:44.0,42.35 N,1.62 E,9,0.1,Ml,Alt Urgell,Local,ICGC,50912
50906,2015-08-14,23:19:51.7,41.36 N,3.35 E,9,1.0,Ml,Mar Mediterrània - Menorca,Local,ICGC,50906
50901,2015-08-14,07:35:06.0,41.87 N,2.58 E,4,0.6,Ml,Selva,Local,ICGC,50901
50891,2015-08-13,21:25:24.7,41.92 N,3.08 E,4,0.7,Ml,Baix Empordà,Local,ICGC,50891
50886,2015-08-13,16:20:31.3,41.70 N,2.20 E,8,0.7,Ml,Moianès,Local,ICGC,50886
50846,2015-08-11,22:27:38.3,42.30 N,1.34 E,0,-0.7,Ml,Alt Urgell,Local,ICGC,50846
50826,2015-08-11,20:21:07.7,41.75 N,2.94 E,5,1.0,Ml,Selva,Local,ICGC,50826
50841,2015-08-11,19:48:27.1,42.96 N,0.23 E,5,0.5,Ml,Hautes-Pyrénées,Local,ICGC,50841
50836,2015-08-11,02:00:34.6,42.33 N,1.68 E,0,-0.6,Ml,Cerdanya,Local,ICGC,50836
50811,2015-08-10,20:50:29.8,40.36 N,0.70 E,7,1.0,Ml,Costa Castelló,Local,ICGC,50811
50796,2015-08-10,08:50:31.3,41.67 N,2.40 E,1,0.9,Ml,Vallès Oriental,Local,ICGC,50796
50807,2015-08-10,01:42:46.8,41.63 N,2.27 E,5,0.6,Ml,Vallès Oriental,Local,ICGC,50807
50806,2015-08-10,00:04:03.5,41.01 N,1.70 E,11,0.6,Ml,Mar Mediterrània - Balears,Local,ICGC,50806
50792,2015-08-09,14:15:15.4,42.63 N,0.67 E,6,0.3,Ml,Huesca,Local,ICGC,50792
50791,2015-08-09,12:53:52.4,41.68 N,2.40 E,3,0.7,Ml,Vallès Oriental,Local,ICGC,50791
50790,2015-08-09,04:18:08.9,42.52 N,0.94 E,4,-0.0,Ml,Pallars Jussà,Local,ICGC,50790
50789,2015-08-08,13:35:34.5,42.64 N,1.93 E,4,0.6,Ml,Ariège,Local,ICGC,50789
50781,2015-08-08,06:33:26.1,40.39 N,0.72 E,4,1.6,Ml,Costa Castelló,Local,ICGC,50781
50787,2015-08-08,01:59:27.5,42.47 N,1.08 E,12,-0.8,Ml,Pallars Sobirà,Local,ICGC,50787
50788,2015-08-08,00:19:43.8,40.41 N,0.67 E,12,1.1,Ml,Costa Castelló,Local,ICGC,50788
50771,2015-08-07,23:35:21.6,40.40 N,0.69 E,8,1.4,Ml,Costa Castelló,Local,ICGC,50771
50786,2015-08-07,23:09:31.8,42.24 N,1.07 E,0,-0.5,Ml,Pallars Jussà,Local,ICGC,50786
50686,2015-08-04,14:02:14.3,41.09 N,1.21 E,5,1.9,Ml,Tarragonès,Local,ICGC,50686
50662,2015-08-03,13:09:20.0,42.61 N,2.31 E,5,1.5,Ml,Pyrénées-Orientales,Local,ICGC,50662
50681,2015-08-03,10:51:46.2,42.29 N,2.18 E,6,0.1,Ml,Ripollès,Local,ICGC,50681
50677,2015-08-03,04:32:11.6,41.76 N,2.42 E,4,0.4,Ml,Vallès Oriental,Local,ICGC,50677
50676,2015-08-03,04:10:29.7,42.95 N,0.27 E,8,0.6,Ml,Hautes-Pyrénées,Local,ICGC,50676
50641,2015-08-02,21:04:17.7,41.86 N,2.86 E,9,1.3,Ml,Gironès,Local,ICGC,50641
50666,2015-08-02,20:45:09.9,42.41 N,1.07 E,16,-0.2,Ml,Pallars Sobirà,Local,ICGC,50666
50665,2015-08-02,20:13:24.8,41.76 N,2.58 E,1,0.3,Ml,Selva,Local,ICGC,50665
50636,2015-08-02,12:23:32.4,42.52 N,1.94 E,11,0.8,Ml,Pyrénées-Orientales,Local,ICGC,50636
50664,2015-08-02,10:12:05.6,41.68 N,2.39 E,3,0.4,Ml,Vallès Oriental,Local,ICGC,50664
50663,2015-08-02,09:38:00.1,41.68 N,2.40 E,2,0.4,Ml,Vallès Oriental,Local,ICGC,50663
50631,2015-08-02,06:41:58.7,41.67 N,2.40 E,4,2.7,Ml,Vallès Oriental,Local,ICGC,50631
50661,2015-08-02,02:52:51.2,41.67 N,2.40 E,2,0.3,Ml,Vallès Oriental,Local,ICGC,50661
50656,2015-08-01,14:58:56.7,42.35 N,2.09 E,4,0.0,Ml,Ripollès,Local,ICGC,50656